timestamp,node,tx_count,gas_used,block_number
1765557644.665569,0x0Fcc5BdCbe75446d347Ce743bEdA7A73a74015DA,287,28867,287
1765557644.6753325,0x123a4499893270C74b01B0a52E8941B38CdC6B89,0,28867,287
1765557644.6845913,0x906424E3bc923585Ab8F5220A406Fb94F34b1616,0,28867,287
1765557644.6906176,0x32B6B9a0689AbA1839ffba7255490D1087FfFd27,0,28867,287
1765557644.6992056,0x8A08D4c2c3e9EBA2649127E8c2169E98B133F016,0,28867,287
1765557644.7061183,0xC0C408D998fD2E5A6b94d6cAdc4CB9A2085b622b,0,28867,287
1765557644.712157,0xF067F6EC91da3C8eb4F717247116b74a179BBB24,0,28867,287
1765557644.7183175,0x9af65fB23d7e85274791b224e32A2E21aDddd6e3,0,28867,287
1765557644.7266705,0x54e7839dc818C465c1BFbde4346756DF408625Ef,0,28867,287
1765557644.732707,0x0e6F310F659C008d4b733E6C9Cb84717bdeb38f9,0,28867,287
1765557646.7449398,0x0Fcc5BdCbe75446d347Ce743bEdA7A73a74015DA,287,28867,287
1765557646.7509654,0x123a4499893270C74b01B0a52E8941B38CdC6B89,0,28867,287
1765557646.7587476,0x906424E3bc923585Ab8F5220A406Fb94F34b1616,0,28867,287
1765557646.7647762,0x32B6B9a0689AbA1839ffba7255490D1087FfFd27,0,28867,287
1765557646.7725537,0x8A08D4c2c3e9EBA2649127E8c2169E98B133F016,0,28867,287
1765557646.7795866,0xC0C408D998fD2E5A6b94d6cAdc4CB9A2085b622b,0,28867,287
1765557646.785618,0xF067F6EC91da3C8eb4F717247116b74a179BBB24,0,28867,287
1765557646.7924695,0x9af65fB23d7e85274791b224e32A2E21aDddd6e3,0,28867,287
1765557646.7985127,0x54e7839dc818C465c1BFbde4346756DF408625Ef,0,28867,287
1765557646.8043005,0x0e6F310F659C008d4b733E6C9Cb84717bdeb38f9,0,28867,287
1765557648.8150322,0x0Fcc5BdCbe75446d347Ce743bEdA7A73a74015DA,287,28867,287
1765557648.8195608,0x123a4499893270C74b01B0a52E8941B38CdC6B89,0,28867,287
1765557648.8276083,0x906424E3bc923585Ab8F5220A406Fb94F34b1616,0,28867,287
1765557648.8383799,0x32B6B9a0689AbA1839ffba7255490D1087FfFd27,0,28867,287
1765557648.8476236,0x8A08D4c2c3e9EBA2649127E8c2169E98B133F016,0,28867,287
1765557648.853652,0xC0C408D998fD2E5A6b94d6cAdc4CB9A2085b622b,0,28867,287
1765557648.861714,0xF067F6EC91da3C8eb4F717247116b74a179BBB24,0,28867,287
1765557648.867137,0x9af65fB23d7e85274791b224e32A2E21aDddd6e3,0,28867,287
1765557648.8749397,0x54e7839dc818C465c1BFbde4346756DF408625Ef,0,28867,287
1765557648.8804934,0x0e6F310F659C008d4b733E6C9Cb84717bdeb38f9,0,28867,287
1765557650.8901877,0x0Fcc5BdCbe75446d347Ce743bEdA7A73a74015DA,287,28867,287
1765557650.8967202,0x123a4499893270C74b01B0a52E8941B38CdC6B89,0,28867,287
1765557650.9042778,0x906424E3bc923585Ab8F5220A406Fb94F34b1616,0,28867,287
1765557650.9123251,0x32B6B9a0689AbA1839ffba7255490D1087FfFd27,0,28867,287
1765557650.9201367,0x8A08D4c2c3e9EBA2649127E8c2169E98B133F016,0,28867,287
1765557650.9254117,0xC0C408D998fD2E5A6b94d6cAdc4CB9A2085b622b,0,28867,287
1765557650.9327974,0xF067F6EC91da3C8eb4F717247116b74a179BBB24,0,28867,287
1765557650.9358344,0x9af65fB23d7e85274791b224e32A2E21aDddd6e3,0,28867,287
1765557650.943312,0x54e7839dc818C465c1BFbde4346756DF408625Ef,0,28867,287
1765557650.9493804,0x0e6F310F659C008d4b733E6C9Cb84717bdeb38f9,0,28867,287
1765557652.961098,0x0Fcc5BdCbe75446d347Ce743bEdA7A73a74015DA,287,28867,287
1765557652.9699192,0x123a4499893270C74b01B0a52E8941B38CdC6B89,0,28867,287
1765557652.9775786,0x906424E3bc923585Ab8F5220A406Fb94F34b1616,0,28867,287
1765557652.9867067,0x32B6B9a0689AbA1839ffba7255490D1087FfFd27,0,28867,287
1765557652.9939985,0x8A08D4c2c3e9EBA2649127E8c2169E98B133F016,0,28867,287
1765557653.0015726,0xC0C408D998fD2E5A6b94d6cAdc4CB9A2085b622b,0,28867,287
1765557653.0077631,0xF067F6EC91da3C8eb4F717247116b74a179BBB24,0,28867,287
1765557653.0147903,0x9af65fB23d7e85274791b224e32A2E21aDddd6e3,0,28867,287
1765557653.0228534,0x54e7839dc818C465c1BFbde4346756DF408625Ef,0,28867,287
1765557653.0309145,0x0e6F310F659C008d4b733E6C9Cb84717bdeb38f9,0,28867,287
1765557655.0413728,0x0Fcc5BdCbe75446d347Ce743bEdA7A73a74015DA,287,28867,287
1765557655.0493865,0x123a4499893270C74b01B0a52E8941B38CdC6B89,0,28867,287
1765557655.0572736,0x906424E3bc923585Ab8F5220A406Fb94F34b1616,0,28867,287
1765557655.0633087,0x32B6B9a0689AbA1839ffba7255490D1087FfFd27,0,28867,287
1765557655.0704427,0x8A08D4c2c3e9EBA2649127E8c2169E98B133F016,0,28867,287
1765557655.079692,0xC0C408D998fD2E5A6b94d6cAdc4CB9A2085b622b,0,28867,287
1765557655.0869555,0xF067F6EC91da3C8eb4F717247116b74a179BBB24,0,28867,287
1765557655.093668,0x9af65fB23d7e85274791b224e32A2E21aDddd6e3,0,28867,287
1765557655.099696,0x54e7839dc818C465c1BFbde4346756DF408625Ef,0,28867,287
1765557655.1065328,0x0e6F310F659C008d4b733E6C9Cb84717bdeb38f9,0,28867,287
1765557657.1180258,0x0Fcc5BdCbe75446d347Ce743bEdA7A73a74015DA,287,28867,287
1765557657.1211605,0x123a4499893270C74b01B0a52E8941B38CdC6B89,0,28867,287
1765557657.1325648,0x906424E3bc923585Ab8F5220A406Fb94F34b1616,0,28867,287
1765557657.1398778,0x32B6B9a0689AbA1839ffba7255490D1087FfFd27,0,28867,287
1765557657.1479409,0x8A08D4c2c3e9EBA2649127E8c2169E98B133F016,0,28867,287
1765557657.1539848,0xC0C408D998fD2E5A6b94d6cAdc4CB9A2085b622b,0,28867,287
1765557657.1616187,0xF067F6EC91da3C8eb4F717247116b74a179BBB24,0,28867,287
1765557657.1636305,0x9af65fB23d7e85274791b224e32A2E21aDddd6e3,0,28867,287
1765557657.1760955,0x54e7839dc818C465c1BFbde4346756DF408625Ef,0,28867,287
1765557657.1796298,0x0e6F310F659C008d4b733E6C9Cb84717bdeb38f9,0,28867,287
1765557659.193465,0x0Fcc5BdCbe75446d347Ce743bEdA7A73a74015DA,287,28867,287
1765557659.1989582,0x123a4499893270C74b01B0a52E8941B38CdC6B89,0,28867,287
1765557659.2050066,0x906424E3bc923585Ab8F5220A406Fb94F34b1616,0,28867,287
1765557659.2115588,0x32B6B9a0689AbA1839ffba7255490D1087FfFd27,0,28867,287
1765557659.2176044,0x8A08D4c2c3e9EBA2649127E8c2169E98B133F016,0,28867,287
1765557659.2271087,0xC0C408D998fD2E5A6b94d6cAdc4CB9A2085b622b,0,28867,287
1765557659.2331502,0xF067F6EC91da3C8eb4F717247116b74a179BBB24,0,28867,287
1765557659.2389371,0x9af65fB23d7e85274791b224e32A2E21aDddd6e3,0,28867,287
1765557659.2459986,0x54e7839dc818C465c1BFbde4346756DF408625Ef,0,28867,287
1765557659.2520454,0x0e6F310F659C008d4b733E6C9Cb84717bdeb38f9,0,28867,287
1765557661.2648613,0x0Fcc5BdCbe75446d347Ce743bEdA7A73a74015DA,287,28867,287
1765557661.2723038,0x123a4499893270C74b01B0a52E8941B38CdC6B89,0,28867,287
1765557661.2786355,0x906424E3bc923585Ab8F5220A406Fb94F34b1616,0,28867,287
1765557661.284789,0x32B6B9a0689AbA1839ffba7255490D1087FfFd27,0,28867,287
1765557661.2922683,0x8A08D4c2c3e9EBA2649127E8c2169E98B133F016,0,28867,287
1765557661.2993271,0xC0C408D998fD2E5A6b94d6cAdc4CB9A2085b622b,0,28867,287
1765557661.301345,0xF067F6EC91da3C8eb4F717247116b74a179BBB24,0,28867,287
1765557661.3080242,0x9af65fB23d7e85274791b224e32A2E21aDddd6e3,0,28867,287
1765557661.3185513,0x54e7839dc818C465c1BFbde4346756DF408625Ef,0,28867,287
1765557661.32408,0x0e6F310F659C008d4b733E6C9Cb84717bdeb38f9,0,28867,287
1765557663.3332245,0x0Fcc5BdCbe75446d347Ce743bEdA7A73a74015DA,287,28867,287
1765557663.3443465,0x123a4499893270C74b01B0a52E8941B38CdC6B89,0,28867,287
1765557663.352161,0x906424E3bc923585Ab8F5220A406Fb94F34b1616,0,28867,287
1765557663.3582108,0x32B6B9a0689AbA1839ffba7255490D1087FfFd27,0,28867,287
1765557663.366716,0x8A08D4c2c3e9EBA2649127E8c2169E98B133F016,0,28867,287
1765557663.372752,0xC0C408D998fD2E5A6b94d6cAdc4CB9A2085b622b,0,28867,287
1765557663.3812425,0xF067F6EC91da3C8eb4F717247116b74a179BBB24,0,28867,287
1765557663.3852792,0x9af65fB23d7e85274791b224e32A2E21aDddd6e3,0,28867,287
1765557663.3935366,0x54e7839dc818C465c1BFbde4346756DF408625Ef,0,28867,287
1765557663.3998177,0x0e6F310F659C008d4b733E6C9Cb84717bdeb38f9,0,28867,287
1765557665.4115174,0x0Fcc5BdCbe75446d347Ce743bEdA7A73a74015DA,287,28867,287
1765557665.4210746,0x123a4499893270C74b01B0a52E8941B38CdC6B89,0,28867,287
1765557665.4271,0x906424E3bc923585Ab8F5220A406Fb94F34b1616,0,28867,287
1765557665.4337835,0x32B6B9a0689AbA1839ffba7255490D1087FfFd27,0,28867,287
1765557665.442609,0x8A08D4c2c3e9EBA2649127E8c2169E98B133F016,0,28867,287
1765557665.4485872,0xC0C408D998fD2E5A6b94d6cAdc4CB9A2085b622b,0,28867,287
1765557665.4553773,0xF067F6EC91da3C8eb4F717247116b74a179BBB24,0,28867,287
1765557665.4626904,0x9af65fB23d7e85274791b224e32A2E21aDddd6e3,0,28867,287
1765557665.4727414,0x54e7839dc818C465c1BFbde4346756DF408625Ef,0,28867,287
1765557665.48462,0x0e6F310F659C008d4b733E6C9Cb84717bdeb38f9,0,28867,287
1765557667.4932172,0x0Fcc5BdCbe75446d347Ce743bEdA7A73a74015DA,287,28867,287
1765557667.5022662,0x123a4499893270C74b01B0a52E8941B38CdC6B89,0,28867,287
1765557667.5113091,0x906424E3bc923585Ab8F5220A406Fb94F34b1616,0,28867,287
1765557667.5173368,0x32B6B9a0689AbA1839ffba7255490D1087FfFd27,0,28867,287
1765557667.525116,0x8A08D4c2c3e9EBA2649127E8c2169E98B133F016,0,28867,287
1765557667.5331426,0xC0C408D998fD2E5A6b94d6cAdc4CB9A2085b622b,0,28867,287
1765557667.5391674,0xF067F6EC91da3C8eb4F717247116b74a179BBB24,0,28867,287
1765557667.5469604,0x9af65fB23d7e85274791b224e32A2E21aDddd6e3,0,28867,287
1765557667.5567565,0x54e7839dc818C465c1BFbde4346756DF408625Ef,0,28867,287
1765557667.5648088,0x0e6F310F659C008d4b733E6C9Cb84717bdeb38f9,0,28867,287
1765557669.5762856,0x0Fcc5BdCbe75446d347Ce743bEdA7A73a74015DA,287,28867,287
1765557669.5840192,0x123a4499893270C74b01B0a52E8941B38CdC6B89,0,28867,287
1765557669.5910964,0x906424E3bc923585Ab8F5220A406Fb94F34b1616,0,28867,287
1765557669.598665,0x32B6B9a0689AbA1839ffba7255490D1087FfFd27,0,28867,287
1765557669.6060228,0x8A08D4c2c3e9EBA2649127E8c2169E98B133F016,0,28867,287
1765557669.6140862,0xC0C408D998fD2E5A6b94d6cAdc4CB9A2085b622b,0,28867,287
1765557669.620033,0xF067F6EC91da3C8eb4F717247116b74a179BBB24,0,28867,287
1765557669.6285012,0x9af65fB23d7e85274791b224e32A2E21aDddd6e3,0,28867,287
1765557669.6305172,0x54e7839dc818C465c1BFbde4346756DF408625Ef,0,28867,287
1765557669.6414967,0x0e6F310F659C008d4b733E6C9Cb84717bdeb38f9,0,28867,287
1765557671.6506305,0x0Fcc5BdCbe75446d347Ce743bEdA7A73a74015DA,287,28867,287
1765557671.6580582,0x123a4499893270C74b01B0a52E8941B38CdC6B89,0,28867,287
1765557671.6661072,0x906424E3bc923585Ab8F5220A406Fb94F34b1616,0,28867,287
1765557671.6733832,0x32B6B9a0689AbA1839ffba7255490D1087FfFd27,0,28867,287
1765557671.6794374,0x8A08D4c2c3e9EBA2649127E8c2169E98B133F016,0,28867,287
1765557671.685476,0xC0C408D998fD2E5A6b94d6cAdc4CB9A2085b622b,0,28867,287
1765557671.6915188,0xF067F6EC91da3C8eb4F717247116b74a179BBB24,0,28867,287
1765557671.6977725,0x9af65fB23d7e85274791b224e32A2E21aDddd6e3,0,28867,287
1765557671.7058299,0x54e7839dc818C465c1BFbde4346756DF408625Ef,0,28867,287
1765557671.7105467,0x0e6F310F659C008d4b733E6C9Cb84717bdeb38f9,0,28867,287
1765557673.7242222,0x0Fcc5BdCbe75446d347Ce743bEdA7A73a74015DA,287,28867,287
1765557673.732135,0x123a4499893270C74b01B0a52E8941B38CdC6B89,0,28867,287
1765557673.7399137,0x906424E3bc923585Ab8F5220A406Fb94F34b1616,0,28867,287
1765557673.7465923,0x32B6B9a0689AbA1839ffba7255490D1087FfFd27,0,28867,287
1765557673.752633,0x8A08D4c2c3e9EBA2649127E8c2169E98B133F016,0,28867,287
1765557673.7600968,0xC0C408D998fD2E5A6b94d6cAdc4CB9A2085b622b,0,28867,287
1765557673.7681894,0xF067F6EC91da3C8eb4F717247116b74a179BBB24,0,28867,287
1765557673.7754745,0x9af65fB23d7e85274791b224e32A2E21aDddd6e3,0,28867,287
1765557673.7815135,0x54e7839dc818C465c1BFbde4346756DF408625Ef,0,28867,287
1765557673.7894452,0x0e6F310F659C008d4b733E6C9Cb84717bdeb38f9,0,28867,287
1765557675.7992163,0x0Fcc5BdCbe75446d347Ce743bEdA7A73a74015DA,287,28867,287
1765557675.8072798,0x123a4499893270C74b01B0a52E8941B38CdC6B89,0,28867,287
1765557675.8133235,0x906424E3bc923585Ab8F5220A406Fb94F34b1616,0,28867,287
1765557675.8213716,0x32B6B9a0689AbA1839ffba7255490D1087FfFd27,0,28867,287
1765557675.8289244,0x8A08D4c2c3e9EBA2649127E8c2169E98B133F016,0,28867,287
1765557675.8349724,0xC0C408D998fD2E5A6b94d6cAdc4CB9A2085b622b,0,28867,287
1765557675.8390038,0xF067F6EC91da3C8eb4F717247116b74a179BBB24,0,28867,287
1765557675.8448198,0x9af65fB23d7e85274791b224e32A2E21aDddd6e3,0,28867,287
1765557675.8508658,0x54e7839dc818C465c1BFbde4346756DF408625Ef,0,28867,287
1765557675.8568997,0x0e6F310F659C008d4b733E6C9Cb84717bdeb38f9,0,28867,287
1765557677.8653853,0x0Fcc5BdCbe75446d347Ce743bEdA7A73a74015DA,287,28867,287
1765557677.8758414,0x123a4499893270C74b01B0a52E8941B38CdC6B89,0,28867,287
1765557677.8850296,0x906424E3bc923585Ab8F5220A406Fb94F34b1616,0,28867,287
1765557677.8930821,0x32B6B9a0689AbA1839ffba7255490D1087FfFd27,0,28867,287
1765557677.8990927,0x8A08D4c2c3e9EBA2649127E8c2169E98B133F016,0,28867,287
1765557677.9074953,0xC0C408D998fD2E5A6b94d6cAdc4CB9A2085b622b,0,28867,287
1765557677.9130924,0xF067F6EC91da3C8eb4F717247116b74a179BBB24,0,28867,287
1765557677.9203985,0x9af65fB23d7e85274791b224e32A2E21aDddd6e3,0,28867,287
1765557677.9264088,0x54e7839dc818C465c1BFbde4346756DF408625Ef,0,28867,287
1765557677.9359262,0x0e6F310F659C008d4b733E6C9Cb84717bdeb38f9,0,28867,287
1765557679.9456105,0x0Fcc5BdCbe75446d347Ce743bEdA7A73a74015DA,287,28867,287
1765557679.9513738,0x123a4499893270C74b01B0a52E8941B38CdC6B89,0,28867,287
1765557679.95895,0x906424E3bc923585Ab8F5220A406Fb94F34b1616,0,28867,287
1765557679.9640388,0x32B6B9a0689AbA1839ffba7255490D1087FfFd27,0,28867,287
1765557679.9715846,0x8A08D4c2c3e9EBA2649127E8c2169E98B133F016,0,28867,287
1765557679.97695,0xC0C408D998fD2E5A6b94d6cAdc4CB9A2085b622b,0,28867,287
1765557679.9821012,0xF067F6EC91da3C8eb4F717247116b74a179BBB24,0,28867,287
1765557679.989143,0x9af65fB23d7e85274791b224e32A2E21aDddd6e3,0,28867,287
1765557679.9915402,0x54e7839dc818C465c1BFbde4346756DF408625Ef,0,28867,287
1765557680.0031934,0x0e6F310F659C008d4b733E6C9Cb84717bdeb38f9,0,28867,287
1765557682.0139513,0x0Fcc5BdCbe75446d347Ce743bEdA7A73a74015DA,287,28867,287
1765557682.023489,0x123a4499893270C74b01B0a52E8941B38CdC6B89,0,28867,287
1765557682.031552,0x906424E3bc923585Ab8F5220A406Fb94F34b1616,0,28867,287
1765557682.0393338,0x32B6B9a0689AbA1839ffba7255490D1087FfFd27,0,28867,287
1765557682.0453808,0x8A08D4c2c3e9EBA2649127E8c2169E98B133F016,0,28867,287
1765557682.0514138,0xC0C408D998fD2E5A6b94d6cAdc4CB9A2085b622b,0,28867,287
1765557682.0592105,0xF067F6EC91da3C8eb4F717247116b74a179BBB24,0,28867,287
1765557682.0652454,0x9af65fB23d7e85274791b224e32A2E21aDddd6e3,0,28867,287
1765557682.071529,0x54e7839dc818C465c1BFbde4346756DF408625Ef,0,28867,287
1765557682.0775595,0x0e6F310F659C008d4b733E6C9Cb84717bdeb38f9,0,28867,287
1765557684.0866141,0x0Fcc5BdCbe75446d347Ce743bEdA7A73a74015DA,287,28867,287
1765557684.0926466,0x123a4499893270C74b01B0a52E8941B38CdC6B89,0,28867,287
1765557684.1004338,0x906424E3bc923585Ab8F5220A406Fb94F34b1616,0,28867,287
1765557684.1064696,0x32B6B9a0689AbA1839ffba7255490D1087FfFd27,0,28867,287
1765557684.114275,0x8A08D4c2c3e9EBA2649127E8c2169E98B133F016,0,28867,287
1765557684.1223214,0xC0C408D998fD2E5A6b94d6cAdc4CB9A2085b622b,0,28867,287
1765557684.128091,0xF067F6EC91da3C8eb4F717247116b74a179BBB24,0,28867,287
1765557684.1341317,0x9af65fB23d7e85274791b224e32A2E21aDddd6e3,0,28867,287
1765557684.1401782,0x54e7839dc818C465c1BFbde4346756DF408625Ef,0,28867,287
1765557684.145958,0x0e6F310F659C008d4b733E6C9Cb84717bdeb38f9,0,28867,287
1765557686.157259,0x0Fcc5BdCbe75446d347Ce743bEdA7A73a74015DA,287,28867,287
1765557686.1643977,0x123a4499893270C74b01B0a52E8941B38CdC6B89,0,28867,287
1765557686.1724427,0x906424E3bc923585Ab8F5220A406Fb94F34b1616,0,28867,287
1765557686.1784716,0x32B6B9a0689AbA1839ffba7255490D1087FfFd27,0,28867,287
1765557686.1862662,0x8A08D4c2c3e9EBA2649127E8c2169E98B133F016,0,28867,287
1765557686.1922996,0xC0C408D998fD2E5A6b94d6cAdc4CB9A2085b622b,0,28867,287
1765557686.1983333,0xF067F6EC91da3C8eb4F717247116b74a179BBB24,0,28867,287
1765557686.2047644,0x9af65fB23d7e85274791b224e32A2E21aDddd6e3,0,28867,287
1765557686.210791,0x54e7839dc818C465c1BFbde4346756DF408625Ef,0,28867,287
1765557686.2152693,0x0e6F310F659C008d4b733E6C9Cb84717bdeb38f9,0,28867,287
1765557688.228283,0x0Fcc5BdCbe75446d347Ce743bEdA7A73a74015DA,287,28867,287
1765557688.2348197,0x123a4499893270C74b01B0a52E8941B38CdC6B89,0,28867,287
1765557688.2423685,0x906424E3bc923585Ab8F5220A406Fb94F34b1616,0,28867,287
1765557688.2505028,0x32B6B9a0689AbA1839ffba7255490D1087FfFd27,0,28867,287
1765557688.258293,0x8A08D4c2c3e9EBA2649127E8c2169E98B133F016,0,28867,287
1765557688.2643347,0xC0C408D998fD2E5A6b94d6cAdc4CB9A2085b622b,0,28867,287
1765557688.2714238,0xF067F6EC91da3C8eb4F717247116b74a179BBB24,0,28867,287
1765557688.279474,0x9af65fB23d7e85274791b224e32A2E21aDddd6e3,0,28867,287
1765557688.2854981,0x54e7839dc818C465c1BFbde4346756DF408625Ef,0,28867,287
1765557688.2932997,0x0e6F310F659C008d4b733E6C9Cb84717bdeb38f9,0,28867,287
1765557690.305059,0x0Fcc5BdCbe75446d347Ce743bEdA7A73a74015DA,287,28867,287
1765557690.3186612,0x123a4499893270C74b01B0a52E8941B38CdC6B89,0,28867,287
1765557690.326713,0x906424E3bc923585Ab8F5220A406Fb94F34b1616,0,28867,287
1765557690.3329973,0x32B6B9a0689AbA1839ffba7255490D1087FfFd27,0,28867,287
1765557690.341056,0x8A08D4c2c3e9EBA2649127E8c2169E98B133F016,0,28867,287
1765557690.3486,0xC0C408D998fD2E5A6b94d6cAdc4CB9A2085b622b,0,28867,287
1765557690.3566382,0xF067F6EC91da3C8eb4F717247116b74a179BBB24,0,28867,287
1765557690.3646986,0x9af65fB23d7e85274791b224e32A2E21aDddd6e3,0,28867,287
1765557690.3710074,0x54e7839dc818C465c1BFbde4346756DF408625Ef,0,28867,287
1765557690.3770335,0x0e6F310F659C008d4b733E6C9Cb84717bdeb38f9,0,28867,287
1765557692.3868988,0x0Fcc5BdCbe75446d347Ce743bEdA7A73a74015DA,287,28867,287
1765557692.3953621,0x123a4499893270C74b01B0a52E8941B38CdC6B89,0,28867,287
1765557692.4043071,0x906424E3bc923585Ab8F5220A406Fb94F34b1616,0,28867,287
1765557692.4108188,0x32B6B9a0689AbA1839ffba7255490D1087FfFd27,0,28867,287
1765557692.4168496,0x8A08D4c2c3e9EBA2649127E8c2169E98B133F016,0,28867,287
1765557692.4243655,0xC0C408D998fD2E5A6b94d6cAdc4CB9A2085b622b,0,28867,287
1765557692.430398,0xF067F6EC91da3C8eb4F717247116b74a179BBB24,0,28867,287
1765557692.4364295,0x9af65fB23d7e85274791b224e32A2E21aDddd6e3,0,28867,287
1765557692.4421656,0x54e7839dc818C465c1BFbde4346756DF408625Ef,0,28867,287
1765557692.450614,0x0e6F310F659C008d4b733E6C9Cb84717bdeb38f9,0,28867,287
1765557694.4616208,0x0Fcc5BdCbe75446d347Ce743bEdA7A73a74015DA,287,28867,287
1765557694.4684103,0x123a4499893270C74b01B0a52E8941B38CdC6B89,0,28867,287
1765557694.4744332,0x906424E3bc923585Ab8F5220A406Fb94F34b1616,0,28867,287
1765557694.481597,0x32B6B9a0689AbA1839ffba7255490D1087FfFd27,0,28867,287
1765557694.4876242,0x8A08D4c2c3e9EBA2649127E8c2169E98B133F016,0,28867,287
1765557694.4954493,0xC0C408D998fD2E5A6b94d6cAdc4CB9A2085b622b,0,28867,287
1765557694.5014513,0xF067F6EC91da3C8eb4F717247116b74a179BBB24,0,28867,287
1765557694.503464,0x9af65fB23d7e85274791b224e32A2E21aDddd6e3,0,28867,287
1765557694.511972,0x54e7839dc818C465c1BFbde4346756DF408625Ef,0,28867,287
1765557694.517741,0x0e6F310F659C008d4b733E6C9Cb84717bdeb38f9,0,28867,287
1765557696.530497,0x0Fcc5BdCbe75446d347Ce743bEdA7A73a74015DA,287,28867,287
1765557696.5381944,0x123a4499893270C74b01B0a52E8941B38CdC6B89,0,28867,287
1765557696.5460143,0x906424E3bc923585Ab8F5220A406Fb94F34b1616,0,28867,287
1765557696.5541086,0x32B6B9a0689AbA1839ffba7255490D1087FfFd27,0,28867,287
1765557696.5564733,0x8A08D4c2c3e9EBA2649127E8c2169E98B133F016,0,28867,287
1765557696.567817,0xC0C408D998fD2E5A6b94d6cAdc4CB9A2085b622b,0,28867,287
1765557696.5738502,0xF067F6EC91da3C8eb4F717247116b74a179BBB24,0,28867,287
1765557696.5820014,0x9af65fB23d7e85274791b224e32A2E21aDddd6e3,0,28867,287
1765557696.5896556,0x54e7839dc818C465c1BFbde4346756DF408625Ef,0,28867,287
1765557696.5956786,0x0e6F310F659C008d4b733E6C9Cb84717bdeb38f9,0,28867,287
1765557698.6085358,0x0Fcc5BdCbe75446d347Ce743bEdA7A73a74015DA,287,28867,287
1765557698.6186233,0x123a4499893270C74b01B0a52E8941B38CdC6B89,0,28867,287
1765557698.6253715,0x906424E3bc923585Ab8F5220A406Fb94F34b1616,0,28867,287
1765557698.6331258,0x32B6B9a0689AbA1839ffba7255490D1087FfFd27,0,28867,287
1765557698.642219,0x8A08D4c2c3e9EBA2649127E8c2169E98B133F016,0,28867,287
1765557698.648818,0xC0C408D998fD2E5A6b94d6cAdc4CB9A2085b622b,0,28867,287
1765557698.6558757,0xF067F6EC91da3C8eb4F717247116b74a179BBB24,0,28867,287
1765557698.662085,0x9af65fB23d7e85274791b224e32A2E21aDddd6e3,0,28867,287
1765557698.670123,0x54e7839dc818C465c1BFbde4346756DF408625Ef,0,28867,287
1765557698.6773627,0x0e6F310F659C008d4b733E6C9Cb84717bdeb38f9,0,28867,287
1765557700.6898205,0x0Fcc5BdCbe75446d347Ce743bEdA7A73a74015DA,287,28867,287
1765557700.6978464,0x123a4499893270C74b01B0a52E8941B38CdC6B89,0,28867,287
1765557700.7056155,0x906424E3bc923585Ab8F5220A406Fb94F34b1616,0,28867,287
1765557700.7136445,0x32B6B9a0689AbA1839ffba7255490D1087FfFd27,0,28867,287
1765557700.7194152,0x8A08D4c2c3e9EBA2649127E8c2169E98B133F016,0,28867,287
1765557700.7274477,0xC0C408D998fD2E5A6b94d6cAdc4CB9A2085b622b,0,28867,287
1765557700.7332215,0xF067F6EC91da3C8eb4F717247116b74a179BBB24,0,28867,287
1765557700.7387516,0x9af65fB23d7e85274791b224e32A2E21aDddd6e3,0,28867,287
1765557700.7447853,0x54e7839dc818C465c1BFbde4346756DF408625Ef,0,28867,287
1765557700.7533255,0x0e6F310F659C008d4b733E6C9Cb84717bdeb38f9,0,28867,287
