timestamp,node,tx_count,gas_used,block_number,anomaly,trust_score
1764663181.5559158,0xc4c7b6fA8a29f83FBd477b098153Cdf98b6c0a24,8,21000,8,-1,20
1764663181.5631738,0xf4dc21B690023E1ffA7E793C20634e6e0be4a9E5,0,21000,8,1,100
1764663181.5726862,0x8503E213c52bfD9f07c1D0981f2E41FfAFF8E75A,0,21000,8,1,100
1764663181.5793269,0x90c9EbDB9d395f77ECebD917ef51a65aE488fD22,0,21000,8,1,100
1764663181.5868213,0xCF0A16691B22b518c164D6A47A3185AD5A03aECf,0,21000,8,1,100
1764663181.5926309,0x721B77dFc20E45334884335F868656e315b076C6,0,21000,8,1,100
1764663181.60095,0x3c0Db595aaA4BD50d97B5a0E0870FA6A42dcB312,0,21000,8,1,100
1764663181.606653,0xCB8b13297fF527B17E5f837c4593601539691141,0,21000,8,1,100
1764663181.6151114,0x7f319cF9b3BfDF05C4DafD1B5173bc70140278b5,0,21000,8,1,100
1764663181.6223905,0xa9ea9a95F49aD35fC906da8ee98b4C8Ed6E44801,0,21000,8,1,100
1764663183.6320364,0xc4c7b6fA8a29f83FBd477b098153Cdf98b6c0a24,8,21000,8,-1,20
1764663183.641615,0xf4dc21B690023E1ffA7E793C20634e6e0be4a9E5,0,21000,8,1,100
1764663183.6506782,0x8503E213c52bfD9f07c1D0981f2E41FfAFF8E75A,0,21000,8,1,100
1764663183.6582222,0x90c9EbDB9d395f77ECebD917ef51a65aE488fD22,0,21000,8,1,100
1764663183.6682909,0xCF0A16691B22b518c164D6A47A3185AD5A03aECf,0,21000,8,1,100
1764663183.676092,0x721B77dFc20E45334884335F868656e315b076C6,0,21000,8,1,100
1764663183.6818082,0x3c0Db595aaA4BD50d97B5a0E0870FA6A42dcB312,0,21000,8,1,100
1764663183.68858,0xCB8b13297fF527B17E5f837c4593601539691141,0,21000,8,1,100
1764663183.697842,0x7f319cF9b3BfDF05C4DafD1B5173bc70140278b5,0,21000,8,1,100
1764663183.7036474,0xa9ea9a95F49aD35fC906da8ee98b4C8Ed6E44801,0,21000,8,1,100
1764663185.71341,0xc4c7b6fA8a29f83FBd477b098153Cdf98b6c0a24,8,21000,8,-1,20
1764663185.7234628,0xf4dc21B690023E1ffA7E793C20634e6e0be4a9E5,0,21000,8,1,100
1764663185.7290895,0x8503E213c52bfD9f07c1D0981f2E41FfAFF8E75A,0,21000,8,1,100
1764663185.7290895,0x90c9EbDB9d395f77ECebD917ef51a65aE488fD22,0,21000,8,1,100
1764663185.7448814,0xCF0A16691B22b518c164D6A47A3185AD5A03aECf,0,21000,8,1,100
1764663185.7517166,0x721B77dFc20E45334884335F868656e315b076C6,0,21000,8,1,100
1764663185.7585845,0x3c0Db595aaA4BD50d97B5a0E0870FA6A42dcB312,0,21000,8,1,100
1764663185.7614625,0xCB8b13297fF527B17E5f837c4593601539691141,0,21000,8,1,100
1764663185.773238,0x7f319cF9b3BfDF05C4DafD1B5173bc70140278b5,0,21000,8,1,100
1764663185.7783608,0xa9ea9a95F49aD35fC906da8ee98b4C8Ed6E44801,0,21000,8,1,100
1764663187.790619,0xc4c7b6fA8a29f83FBd477b098153Cdf98b6c0a24,8,21000,8,-1,20
1764663187.7977216,0xf4dc21B690023E1ffA7E793C20634e6e0be4a9E5,0,21000,8,1,100
1764663187.8084166,0x8503E213c52bfD9f07c1D0981f2E41FfAFF8E75A,0,21000,8,1,100
1764663187.8144605,0x90c9EbDB9d395f77ECebD917ef51a65aE488fD22,0,21000,8,1,100
1764663187.8234658,0xCF0A16691B22b518c164D6A47A3185AD5A03aECf,0,21000,8,1,100
1764663187.831244,0x721B77dFc20E45334884335F868656e315b076C6,0,21000,8,1,100
1764663187.8392956,0x3c0Db595aaA4BD50d97B5a0E0870FA6A42dcB312,0,21000,8,1,100
1764663187.8503852,0xCB8b13297fF527B17E5f837c4593601539691141,0,21000,8,1,100
1764663187.8593109,0x7f319cF9b3BfDF05C4DafD1B5173bc70140278b5,0,21000,8,1,100
1764663187.8653588,0xa9ea9a95F49aD35fC906da8ee98b4C8Ed6E44801,0,21000,8,1,100
1764663189.879362,0xc4c7b6fA8a29f83FBd477b098153Cdf98b6c0a24,8,21000,8,-1,20
1764663189.887567,0xf4dc21B690023E1ffA7E793C20634e6e0be4a9E5,0,21000,8,1,100
1764663189.8972323,0x8503E213c52bfD9f07c1D0981f2E41FfAFF8E75A,0,21000,8,1,100
1764663189.9052882,0x90c9EbDB9d395f77ECebD917ef51a65aE488fD22,0,21000,8,1,100
1764663189.915266,0xCF0A16691B22b518c164D6A47A3185AD5A03aECf,0,21000,8,1,100
1764663189.923333,0x721B77dFc20E45334884335F868656e315b076C6,0,21000,8,1,100
1764663189.9315014,0x3c0Db595aaA4BD50d97B5a0E0870FA6A42dcB312,0,21000,8,1,100
1764663189.938853,0xCB8b13297fF527B17E5f837c4593601539691141,0,21000,8,1,100
1764663189.9430778,0x7f319cF9b3BfDF05C4DafD1B5173bc70140278b5,0,21000,8,1,100
1764663189.953409,0xa9ea9a95F49aD35fC906da8ee98b4C8Ed6E44801,0,21000,8,1,100
1764663191.9628382,0xc4c7b6fA8a29f83FBd477b098153Cdf98b6c0a24,8,21000,8,-1,20
1764663191.970894,0xf4dc21B690023E1ffA7E793C20634e6e0be4a9E5,0,21000,8,1,100
1764663191.9807105,0x8503E213c52bfD9f07c1D0981f2E41FfAFF8E75A,0,21000,8,1,100
1764663191.9859183,0x90c9EbDB9d395f77ECebD917ef51a65aE488fD22,0,21000,8,1,100
1764663191.9947722,0xCF0A16691B22b518c164D6A47A3185AD5A03aECf,0,21000,8,1,100
1764663192.0027876,0x721B77dFc20E45334884335F868656e315b076C6,0,21000,8,1,100
1764663192.0105925,0x3c0Db595aaA4BD50d97B5a0E0870FA6A42dcB312,0,21000,8,1,100
1764663192.0126026,0xCB8b13297fF527B17E5f837c4593601539691141,0,21000,8,1,100
1764663192.0255988,0x7f319cF9b3BfDF05C4DafD1B5173bc70140278b5,0,21000,8,1,100
1764663192.032996,0xa9ea9a95F49aD35fC906da8ee98b4C8Ed6E44801,0,21000,8,1,100
1764663194.0449677,0xc4c7b6fA8a29f83FBd477b098153Cdf98b6c0a24,8,21000,8,-1,20
1764663194.0503006,0xf4dc21B690023E1ffA7E793C20634e6e0be4a9E5,0,21000,8,1,100
1764663194.0590162,0x8503E213c52bfD9f07c1D0981f2E41FfAFF8E75A,0,21000,8,1,100
1764663194.0670576,0x90c9EbDB9d395f77ECebD917ef51a65aE488fD22,0,21000,8,1,100
1764663194.0744667,0xCF0A16691B22b518c164D6A47A3185AD5A03aECf,0,21000,8,1,100
1764663194.084549,0x721B77dFc20E45334884335F868656e315b076C6,0,21000,8,1,100
1764663194.0901556,0x3c0Db595aaA4BD50d97B5a0E0870FA6A42dcB312,0,21000,8,1,100
1764663194.0954754,0xCB8b13297fF527B17E5f837c4593601539691141,0,21000,8,1,100
1764663194.103913,0x7f319cF9b3BfDF05C4DafD1B5173bc70140278b5,0,21000,8,1,100
1764663194.111414,0xa9ea9a95F49aD35fC906da8ee98b4C8Ed6E44801,0,21000,8,1,100
1764663196.1232195,0xc4c7b6fA8a29f83FBd477b098153Cdf98b6c0a24,8,21000,8,-1,20
1764663196.1338544,0xf4dc21B690023E1ffA7E793C20634e6e0be4a9E5,0,21000,8,1,100
1764663196.1425264,0x8503E213c52bfD9f07c1D0981f2E41FfAFF8E75A,0,21000,8,1,100
1764663196.1497712,0x90c9EbDB9d395f77ECebD917ef51a65aE488fD22,0,21000,8,1,100
1764663196.1582472,0xCF0A16691B22b518c164D6A47A3185AD5A03aECf,0,21000,8,1,100
1764663196.167693,0x721B77dFc20E45334884335F868656e315b076C6,0,21000,8,1,100
1764663196.172199,0x3c0Db595aaA4BD50d97B5a0E0870FA6A42dcB312,0,21000,8,1,100
1764663196.1815455,0xCB8b13297fF527B17E5f837c4593601539691141,0,21000,8,1,100
1764663196.1877575,0x7f319cF9b3BfDF05C4DafD1B5173bc70140278b5,0,21000,8,1,100
1764663196.1953382,0xa9ea9a95F49aD35fC906da8ee98b4C8Ed6E44801,0,21000,8,1,100
1764663198.2038257,0xc4c7b6fA8a29f83FBd477b098153Cdf98b6c0a24,8,21000,8,-1,20
1764663198.2162669,0xf4dc21B690023E1ffA7E793C20634e6e0be4a9E5,0,21000,8,1,100
1764663198.2257173,0x8503E213c52bfD9f07c1D0981f2E41FfAFF8E75A,0,21000,8,1,100
1764663198.2317524,0x90c9EbDB9d395f77ECebD917ef51a65aE488fD22,0,21000,8,1,100
1764663198.2421863,0xCF0A16691B22b518c164D6A47A3185AD5A03aECf,0,21000,8,1,100
1764663198.2477913,0x721B77dFc20E45334884335F868656e315b076C6,0,21000,8,1,100
1764663198.2569697,0x3c0Db595aaA4BD50d97B5a0E0870FA6A42dcB312,0,21000,8,1,100
1764663198.2637088,0xCB8b13297fF527B17E5f837c4593601539691141,0,21000,8,1,100
1764663198.2735376,0x7f319cF9b3BfDF05C4DafD1B5173bc70140278b5,0,21000,8,1,100
1764663198.2795792,0xa9ea9a95F49aD35fC906da8ee98b4C8Ed6E44801,0,21000,8,1,100
1764663200.2920752,0xc4c7b6fA8a29f83FBd477b098153Cdf98b6c0a24,8,21000,8,-1,20
1764663200.2961564,0xf4dc21B690023E1ffA7E793C20634e6e0be4a9E5,0,21000,8,1,100
1764663200.308991,0x8503E213c52bfD9f07c1D0981f2E41FfAFF8E75A,0,21000,8,1,100
1764663200.315984,0x90c9EbDB9d395f77ECebD917ef51a65aE488fD22,0,21000,8,1,100
1764663200.321082,0xCF0A16691B22b518c164D6A47A3185AD5A03aECf,0,21000,8,1,100
1764663200.3318508,0x721B77dFc20E45334884335F868656e315b076C6,0,21000,8,1,100
1764663200.3378975,0x3c0Db595aaA4BD50d97B5a0E0870FA6A42dcB312,0,21000,8,1,100
1764663200.345255,0xCB8b13297fF527B17E5f837c4593601539691141,0,21000,8,1,100
1764663200.3517046,0x7f319cF9b3BfDF05C4DafD1B5173bc70140278b5,0,21000,8,1,100
1764663200.3568628,0xa9ea9a95F49aD35fC906da8ee98b4C8Ed6E44801,0,21000,8,1,100
1764663202.3698206,0xc4c7b6fA8a29f83FBd477b098153Cdf98b6c0a24,8,21000,8,-1,20
1764663202.3763971,0xf4dc21B690023E1ffA7E793C20634e6e0be4a9E5,0,21000,8,1,100
1764663202.3847904,0x8503E213c52bfD9f07c1D0981f2E41FfAFF8E75A,0,21000,8,1,100
1764663202.392846,0x90c9EbDB9d395f77ECebD917ef51a65aE488fD22,0,21000,8,1,100
1764663202.3999054,0xCF0A16691B22b518c164D6A47A3185AD5A03aECf,0,21000,8,1,100
1764663202.40751,0x721B77dFc20E45334884335F868656e315b076C6,0,21000,8,1,100
1764663202.4155152,0x3c0Db595aaA4BD50d97B5a0E0870FA6A42dcB312,0,21000,8,1,100
1764663202.4232352,0xCB8b13297fF527B17E5f837c4593601539691141,0,21000,8,1,100
1764663202.430792,0x7f319cF9b3BfDF05C4DafD1B5173bc70140278b5,0,21000,8,1,100
1764663202.4368613,0xa9ea9a95F49aD35fC906da8ee98b4C8Ed6E44801,0,21000,8,1,100
1764663204.4512897,0xc4c7b6fA8a29f83FBd477b098153Cdf98b6c0a24,8,21000,8,-1,20
1764663204.4594412,0xf4dc21B690023E1ffA7E793C20634e6e0be4a9E5,0,21000,8,1,100
1764663204.4701755,0x8503E213c52bfD9f07c1D0981f2E41FfAFF8E75A,0,21000,8,1,100
1764663204.4721851,0x90c9EbDB9d395f77ECebD917ef51a65aE488fD22,0,21000,8,1,100
1764663204.48059,0xCF0A16691B22b518c164D6A47A3185AD5A03aECf,0,21000,8,1,100
1764663204.4938977,0x721B77dFc20E45334884335F868656e315b076C6,0,21000,8,1,100
1764663204.4999423,0x3c0Db595aaA4BD50d97B5a0E0870FA6A42dcB312,0,21000,8,1,100
1764663204.501952,0xCB8b13297fF527B17E5f837c4593601539691141,0,21000,8,1,100
1764663204.5156405,0x7f319cF9b3BfDF05C4DafD1B5173bc70140278b5,0,21000,8,1,100
1764663204.5176575,0xa9ea9a95F49aD35fC906da8ee98b4C8Ed6E44801,0,21000,8,1,100
1764663206.5337498,0xc4c7b6fA8a29f83FBd477b098153Cdf98b6c0a24,8,21000,8,-1,20
1764663206.5427985,0xf4dc21B690023E1ffA7E793C20634e6e0be4a9E5,0,21000,8,1,100
1764663206.5495198,0x8503E213c52bfD9f07c1D0981f2E41FfAFF8E75A,0,21000,8,1,100
1764663206.5575612,0x90c9EbDB9d395f77ECebD917ef51a65aE488fD22,0,21000,8,1,100
1764663206.5652788,0xCF0A16691B22b518c164D6A47A3185AD5A03aECf,0,21000,8,1,100
1764663206.5708482,0x721B77dFc20E45334884335F868656e315b076C6,0,21000,8,1,100
1764663206.5811546,0x3c0Db595aaA4BD50d97B5a0E0870FA6A42dcB312,0,21000,8,1,100
1764663206.5888512,0xCB8b13297fF527B17E5f837c4593601539691141,0,21000,8,1,100
1764663206.5949051,0x7f319cF9b3BfDF05C4DafD1B5173bc70140278b5,0,21000,8,1,100
1764663206.6032274,0xa9ea9a95F49aD35fC906da8ee98b4C8Ed6E44801,0,21000,8,1,100
1764663208.614544,0xc4c7b6fA8a29f83FBd477b098153Cdf98b6c0a24,8,21000,8,-1,20
1764663208.624476,0xf4dc21B690023E1ffA7E793C20634e6e0be4a9E5,0,21000,8,1,100
1764663208.633566,0x8503E213c52bfD9f07c1D0981f2E41FfAFF8E75A,0,21000,8,1,100
1764663208.6429915,0x90c9EbDB9d395f77ECebD917ef51a65aE488fD22,0,21000,8,1,100
1764663208.6530583,0xCF0A16691B22b518c164D6A47A3185AD5A03aECf,0,21000,8,1,100
1764663208.6632743,0x721B77dFc20E45334884335F868656e315b076C6,0,21000,8,1,100
1764663208.673847,0x3c0Db595aaA4BD50d97B5a0E0870FA6A42dcB312,0,21000,8,1,100
1764663208.6849246,0xCB8b13297fF527B17E5f837c4593601539691141,0,21000,8,1,100
1764663208.6929915,0x7f319cF9b3BfDF05C4DafD1B5173bc70140278b5,0,21000,8,1,100
1764663208.7028148,0xa9ea9a95F49aD35fC906da8ee98b4C8Ed6E44801,0,21000,8,1,100
1764663210.7143133,0xc4c7b6fA8a29f83FBd477b098153Cdf98b6c0a24,8,21000,8,-1,20
1764663210.7242217,0xf4dc21B690023E1ffA7E793C20634e6e0be4a9E5,0,21000,8,1,100
1764663210.732382,0x8503E213c52bfD9f07c1D0981f2E41FfAFF8E75A,0,21000,8,1,100
1764663210.7401848,0x90c9EbDB9d395f77ECebD917ef51a65aE488fD22,0,21000,8,1,100
1764663210.7498193,0xCF0A16691B22b518c164D6A47A3185AD5A03aECf,0,21000,8,1,100
1764663210.7538383,0x721B77dFc20E45334884335F868656e315b076C6,0,21000,8,1,100
1764663210.7656262,0x3c0Db595aaA4BD50d97B5a0E0870FA6A42dcB312,0,21000,8,1,100
1764663210.7736847,0xCB8b13297fF527B17E5f837c4593601539691141,0,21000,8,1,100
1764663210.7815835,0x7f319cF9b3BfDF05C4DafD1B5173bc70140278b5,0,21000,8,1,100
1764663210.7893257,0xa9ea9a95F49aD35fC906da8ee98b4C8Ed6E44801,0,21000,8,1,100
1764663212.798969,0xc4c7b6fA8a29f83FBd477b098153Cdf98b6c0a24,8,21000,8,-1,20
1764663212.80569,0xf4dc21B690023E1ffA7E793C20634e6e0be4a9E5,0,21000,8,1,100
1764663212.8194962,0x8503E213c52bfD9f07c1D0981f2E41FfAFF8E75A,0,21000,8,1,100
1764663212.8280077,0x90c9EbDB9d395f77ECebD917ef51a65aE488fD22,0,21000,8,1,100
1764663212.8372948,0xCF0A16691B22b518c164D6A47A3185AD5A03aECf,0,21000,8,1,100
1764663212.845363,0x721B77dFc20E45334884335F868656e315b076C6,0,21000,8,1,100
1764663212.855066,0x3c0Db595aaA4BD50d97B5a0E0870FA6A42dcB312,0,21000,8,1,100
1764663212.863644,0xCB8b13297fF527B17E5f837c4593601539691141,0,21000,8,1,100
1764663212.8691893,0x7f319cF9b3BfDF05C4DafD1B5173bc70140278b5,0,21000,8,1,100
1764663212.8790274,0xa9ea9a95F49aD35fC906da8ee98b4C8Ed6E44801,0,21000,8,1,100
1764663214.890247,0xc4c7b6fA8a29f83FBd477b098153Cdf98b6c0a24,8,21000,8,-1,20
1764663214.9006186,0xf4dc21B690023E1ffA7E793C20634e6e0be4a9E5,0,21000,8,1,100
1764663214.9101982,0x8503E213c52bfD9f07c1D0981f2E41FfAFF8E75A,0,21000,8,1,100
1764663214.9196343,0x90c9EbDB9d395f77ECebD917ef51a65aE488fD22,0,21000,8,1,100
1764663214.9276824,0xCF0A16691B22b518c164D6A47A3185AD5A03aECf,0,21000,8,1,100
1764663214.937473,0x721B77dFc20E45334884335F868656e315b076C6,0,21000,8,1,100
1764663214.9435062,0x3c0Db595aaA4BD50d97B5a0E0870FA6A42dcB312,0,21000,8,1,100
1764663214.951291,0xCB8b13297fF527B17E5f837c4593601539691141,0,21000,8,1,100
1764663214.9593313,0x7f319cF9b3BfDF05C4DafD1B5173bc70140278b5,0,21000,8,1,100
1764663214.967131,0xa9ea9a95F49aD35fC906da8ee98b4C8Ed6E44801,0,21000,8,1,100
1764663216.978181,0xc4c7b6fA8a29f83FBd477b098153Cdf98b6c0a24,8,21000,8,-1,20
1764663216.9871504,0xf4dc21B690023E1ffA7E793C20634e6e0be4a9E5,0,21000,8,1,100
1764663216.9962182,0x8503E213c52bfD9f07c1D0981f2E41FfAFF8E75A,0,21000,8,1,100
1764663217.0053744,0x90c9EbDB9d395f77ECebD917ef51a65aE488fD22,0,21000,8,1,100
1764663217.009414,0xCF0A16691B22b518c164D6A47A3185AD5A03aECf,0,21000,8,1,100
1764663217.0214217,0x721B77dFc20E45334884335F868656e315b076C6,0,21000,8,1,100
1764663217.0290346,0x3c0Db595aaA4BD50d97B5a0E0870FA6A42dcB312,0,21000,8,1,100
1764663217.0374746,0xCB8b13297fF527B17E5f837c4593601539691141,0,21000,8,1,100
1764663217.0455356,0x7f319cF9b3BfDF05C4DafD1B5173bc70140278b5,0,21000,8,1,100
1764663217.054631,0xa9ea9a95F49aD35fC906da8ee98b4C8Ed6E44801,0,21000,8,1,100
1764663219.065753,0xc4c7b6fA8a29f83FBd477b098153Cdf98b6c0a24,8,21000,8,-1,20
1764663219.073454,0xf4dc21B690023E1ffA7E793C20634e6e0be4a9E5,0,21000,8,1,100
1764663219.0815313,0x8503E213c52bfD9f07c1D0981f2E41FfAFF8E75A,0,21000,8,1,100
1764663219.0876403,0x90c9EbDB9d395f77ECebD917ef51a65aE488fD22,0,21000,8,1,100
1764663219.0950477,0xCF0A16691B22b518c164D6A47A3185AD5A03aECf,0,21000,8,1,100
1764663219.1030948,0x721B77dFc20E45334884335F868656e315b076C6,0,21000,8,1,100
1764663219.1088958,0x3c0Db595aaA4BD50d97B5a0E0870FA6A42dcB312,0,21000,8,1,100
1764663219.110913,0xCB8b13297fF527B17E5f837c4593601539691141,0,21000,8,1,100
1764663219.1221106,0x7f319cF9b3BfDF05C4DafD1B5173bc70140278b5,0,21000,8,1,100
1764663219.128712,0xa9ea9a95F49aD35fC906da8ee98b4C8Ed6E44801,0,21000,8,1,100
1764663221.1402824,0xc4c7b6fA8a29f83FBd477b098153Cdf98b6c0a24,8,21000,8,-1,20
1764663221.148331,0xf4dc21B690023E1ffA7E793C20634e6e0be4a9E5,0,21000,8,1,100
1764663221.1554804,0x8503E213c52bfD9f07c1D0981f2E41FfAFF8E75A,0,21000,8,1,100
1764663221.1635425,0x90c9EbDB9d395f77ECebD917ef51a65aE488fD22,0,21000,8,1,100
1764663221.1710284,0xCF0A16691B22b518c164D6A47A3185AD5A03aECf,0,21000,8,1,100
1764663221.179535,0x721B77dFc20E45334884335F868656e315b076C6,0,21000,8,1,100
1764663221.1870944,0x3c0Db595aaA4BD50d97B5a0E0870FA6A42dcB312,0,21000,8,1,100
1764663221.197185,0xCB8b13297fF527B17E5f837c4593601539691141,0,21000,8,1,100
1764663221.206982,0x7f319cF9b3BfDF05C4DafD1B5173bc70140278b5,0,21000,8,1,100
1764663221.2150328,0xa9ea9a95F49aD35fC906da8ee98b4C8Ed6E44801,0,21000,8,1,100
1764663223.227979,0xc4c7b6fA8a29f83FBd477b098153Cdf98b6c0a24,8,21000,8,-1,20
1764663223.2376325,0xf4dc21B690023E1ffA7E793C20634e6e0be4a9E5,0,21000,8,1,100
1764663223.2447393,0x8503E213c52bfD9f07c1D0981f2E41FfAFF8E75A,0,21000,8,1,100
1764663223.253033,0x90c9EbDB9d395f77ECebD917ef51a65aE488fD22,0,21000,8,1,100
1764663223.261084,0xCF0A16691B22b518c164D6A47A3185AD5A03aECf,0,21000,8,1,100
1764663223.270883,0x721B77dFc20E45334884335F868656e315b076C6,0,21000,8,1,100
1764663223.2783556,0x3c0Db595aaA4BD50d97B5a0E0870FA6A42dcB312,0,21000,8,1,100
1764663223.2886424,0xCB8b13297fF527B17E5f837c4593601539691141,0,21000,8,1,100
1764663223.2946868,0x7f319cF9b3BfDF05C4DafD1B5173bc70140278b5,0,21000,8,1,100
1764663223.3024778,0xa9ea9a95F49aD35fC906da8ee98b4C8Ed6E44801,0,21000,8,1,100
1764663225.3130078,0xc4c7b6fA8a29f83FBd477b098153Cdf98b6c0a24,8,21000,8,-1,20
1764663225.3210638,0xf4dc21B690023E1ffA7E793C20634e6e0be4a9E5,0,21000,8,1,100
1764663225.3317542,0x8503E213c52bfD9f07c1D0981f2E41FfAFF8E75A,0,21000,8,1,100
1764663225.3428657,0x90c9EbDB9d395f77ECebD917ef51a65aE488fD22,0,21000,8,1,100
1764663225.352945,0xCF0A16691B22b518c164D6A47A3185AD5A03aECf,0,21000,8,1,100
1764663225.3607523,0x721B77dFc20E45334884335F868656e315b076C6,0,21000,8,1,100
1764663225.3700907,0x3c0Db595aaA4BD50d97B5a0E0870FA6A42dcB312,0,21000,8,1,100
1764663225.378157,0xCB8b13297fF527B17E5f837c4593601539691141,0,21000,8,1,100
1764663225.3859396,0x7f319cF9b3BfDF05C4DafD1B5173bc70140278b5,0,21000,8,1,100
1764663225.393134,0xa9ea9a95F49aD35fC906da8ee98b4C8Ed6E44801,0,21000,8,1,100
1764663227.4006126,0xc4c7b6fA8a29f83FBd477b098153Cdf98b6c0a24,8,21000,8,-1,20
1764663227.4113314,0xf4dc21B690023E1ffA7E793C20634e6e0be4a9E5,0,21000,8,1,100
1764663227.416374,0x8503E213c52bfD9f07c1D0981f2E41FfAFF8E75A,0,21000,8,1,100
1764663227.4244392,0x90c9EbDB9d395f77ECebD917ef51a65aE488fD22,0,21000,8,1,100
1764663227.4322522,0xCF0A16691B22b518c164D6A47A3185AD5A03aECf,0,21000,8,1,100
1764663227.4382951,0x721B77dFc20E45334884335F868656e315b076C6,0,21000,8,1,100
1764663227.4457393,0x3c0Db595aaA4BD50d97B5a0E0870FA6A42dcB312,0,21000,8,1,100
1764663227.45232,0xCB8b13297fF527B17E5f837c4593601539691141,0,21000,8,1,100
1764663227.4592988,0x7f319cF9b3BfDF05C4DafD1B5173bc70140278b5,0,21000,8,1,100
1764663227.4654162,0xa9ea9a95F49aD35fC906da8ee98b4C8Ed6E44801,0,21000,8,1,100
1764663229.4786685,0xc4c7b6fA8a29f83FBd477b098153Cdf98b6c0a24,8,21000,8,-1,20
1764663229.48759,0xf4dc21B690023E1ffA7E793C20634e6e0be4a9E5,0,21000,8,1,100
1764663229.494409,0x8503E213c52bfD9f07c1D0981f2E41FfAFF8E75A,0,21000,8,1,100
1764663229.5043256,0x90c9EbDB9d395f77ECebD917ef51a65aE488fD22,0,21000,8,1,100
1764663229.51027,0xCF0A16691B22b518c164D6A47A3185AD5A03aECf,0,21000,8,1,100
1764663229.5199962,0x721B77dFc20E45334884335F868656e315b076C6,0,21000,8,1,100
1764663229.528823,0x3c0Db595aaA4BD50d97B5a0E0870FA6A42dcB312,0,21000,8,1,100
1764663229.5358725,0xCB8b13297fF527B17E5f837c4593601539691141,0,21000,8,1,100
1764663229.541896,0x7f319cF9b3BfDF05C4DafD1B5173bc70140278b5,0,21000,8,1,100
1764663229.5511496,0xa9ea9a95F49aD35fC906da8ee98b4C8Ed6E44801,0,21000,8,1,100
1764663231.5646603,0xc4c7b6fA8a29f83FBd477b098153Cdf98b6c0a24,8,21000,8,-1,20
1764663231.5726054,0xf4dc21B690023E1ffA7E793C20634e6e0be4a9E5,0,21000,8,1,100
1764663231.582668,0x8503E213c52bfD9f07c1D0981f2E41FfAFF8E75A,0,21000,8,1,100
1764663231.5890915,0x90c9EbDB9d395f77ECebD917ef51a65aE488fD22,0,21000,8,1,100
1764663231.599826,0xCF0A16691B22b518c164D6A47A3185AD5A03aECf,0,21000,8,1,100
1764663231.6078775,0x721B77dFc20E45334884335F868656e315b076C6,0,21000,8,1,100
1764663231.617694,0x3c0Db595aaA4BD50d97B5a0E0870FA6A42dcB312,0,21000,8,1,100
1764663231.6257603,0xCB8b13297fF527B17E5f837c4593601539691141,0,21000,8,1,100
1764663231.6316044,0x7f319cF9b3BfDF05C4DafD1B5173bc70140278b5,0,21000,8,1,100
1764663231.637398,0xa9ea9a95F49aD35fC906da8ee98b4C8Ed6E44801,0,21000,8,1,100
1764663233.6510355,0xc4c7b6fA8a29f83FBd477b098153Cdf98b6c0a24,8,21000,8,-1,20
1764663233.6601012,0xf4dc21B690023E1ffA7E793C20634e6e0be4a9E5,0,21000,8,1,100
1764663233.669014,0x8503E213c52bfD9f07c1D0981f2E41FfAFF8E75A,0,21000,8,1,100
1764663233.6770594,0x90c9EbDB9d395f77ECebD917ef51a65aE488fD22,0,21000,8,1,100
1764663233.6860623,0xCF0A16691B22b518c164D6A47A3185AD5A03aECf,0,21000,8,1,100
1764663233.694985,0x721B77dFc20E45334884335F868656e315b076C6,0,21000,8,1,100
1764663233.703593,0x3c0Db595aaA4BD50d97B5a0E0870FA6A42dcB312,0,21000,8,1,100
1764663233.7094412,0xCB8b13297fF527B17E5f837c4593601539691141,0,21000,8,1,100
1764663233.716685,0x7f319cF9b3BfDF05C4DafD1B5173bc70140278b5,0,21000,8,1,100
1764663233.724452,0xa9ea9a95F49aD35fC906da8ee98b4C8Ed6E44801,0,21000,8,1,100
1764663235.7379026,0xc4c7b6fA8a29f83FBd477b098153Cdf98b6c0a24,8,21000,8,-1,20
1764663235.743999,0xf4dc21B690023E1ffA7E793C20634e6e0be4a9E5,0,21000,8,1,100
1764663235.755502,0x8503E213c52bfD9f07c1D0981f2E41FfAFF8E75A,0,21000,8,1,100
1764663235.762045,0x90c9EbDB9d395f77ECebD917ef51a65aE488fD22,0,21000,8,1,100
1764663235.7701,0xCF0A16691B22b518c164D6A47A3185AD5A03aECf,0,21000,8,1,100
1764663235.77798,0x721B77dFc20E45334884335F868656e315b076C6,0,21000,8,1,100
1764663235.78378,0x3c0Db595aaA4BD50d97B5a0E0870FA6A42dcB312,0,21000,8,1,100
1764663235.793446,0xCB8b13297fF527B17E5f837c4593601539691141,0,21000,8,1,100
1764663235.8015122,0x7f319cF9b3BfDF05C4DafD1B5173bc70140278b5,0,21000,8,1,100
1764663235.8093553,0xa9ea9a95F49aD35fC906da8ee98b4C8Ed6E44801,0,21000,8,1,100
1764663237.8200026,0xc4c7b6fA8a29f83FBd477b098153Cdf98b6c0a24,8,21000,8,-1,20
1764663237.830416,0xf4dc21B690023E1ffA7E793C20634e6e0be4a9E5,0,21000,8,1,100
1764663237.8377347,0x8503E213c52bfD9f07c1D0981f2E41FfAFF8E75A,0,21000,8,1,100
1764663237.847968,0x90c9EbDB9d395f77ECebD917ef51a65aE488fD22,0,21000,8,1,100
1764663237.8560028,0xCF0A16691B22b518c164D6A47A3185AD5A03aECf,0,21000,8,1,100
1764663237.8657994,0x721B77dFc20E45334884335F868656e315b076C6,0,21000,8,1,100
1764663237.8738391,0x3c0Db595aaA4BD50d97B5a0E0870FA6A42dcB312,0,21000,8,1,100
1764663237.8816192,0xCB8b13297fF527B17E5f837c4593601539691141,0,21000,8,1,100
1764663237.8896585,0x7f319cF9b3BfDF05C4DafD1B5173bc70140278b5,0,21000,8,1,100
1764663237.8974464,0xa9ea9a95F49aD35fC906da8ee98b4C8Ed6E44801,0,21000,8,1,100
1764663239.909651,0xc4c7b6fA8a29f83FBd477b098153Cdf98b6c0a24,8,21000,8,-1,20
1764663239.9176762,0xf4dc21B690023E1ffA7E793C20634e6e0be4a9E5,0,21000,8,1,100
1764663239.9258938,0x8503E213c52bfD9f07c1D0981f2E41FfAFF8E75A,0,21000,8,1,100
1764663239.9348652,0x90c9EbDB9d395f77ECebD917ef51a65aE488fD22,0,21000,8,1,100
1764663239.9424353,0xCF0A16691B22b518c164D6A47A3185AD5A03aECf,0,21000,8,1,100
1764663239.9484851,0x721B77dFc20E45334884335F868656e315b076C6,0,21000,8,1,100
1764663239.9599762,0x3c0Db595aaA4BD50d97B5a0E0870FA6A42dcB312,0,21000,8,1,100
1764663239.9645567,0xCB8b13297fF527B17E5f837c4593601539691141,0,21000,8,1,100
1764663239.9775617,0x7f319cF9b3BfDF05C4DafD1B5173bc70140278b5,0,21000,8,1,100
1764663239.9846165,0xa9ea9a95F49aD35fC906da8ee98b4C8Ed6E44801,0,21000,8,1,100
1764663241.9918776,0xc4c7b6fA8a29f83FBd477b098153Cdf98b6c0a24,8,21000,8,-1,20
1764663242.0072324,0xf4dc21B690023E1ffA7E793C20634e6e0be4a9E5,0,21000,8,1,100
1764663242.0132773,0x8503E213c52bfD9f07c1D0981f2E41FfAFF8E75A,0,21000,8,1,100
1764663242.0193634,0x90c9EbDB9d395f77ECebD917ef51a65aE488fD22,0,21000,8,1,100
1764663242.0283723,0xCF0A16691B22b518c164D6A47A3185AD5A03aECf,0,21000,8,1,100
1764663242.0375674,0x721B77dFc20E45334884335F868656e315b076C6,0,21000,8,1,100
1764663242.050234,0x3c0Db595aaA4BD50d97B5a0E0870FA6A42dcB312,0,21000,8,1,100
1764663242.058918,0xCB8b13297fF527B17E5f837c4593601539691141,0,21000,8,1,100
1764663242.0669808,0x7f319cF9b3BfDF05C4DafD1B5173bc70140278b5,0,21000,8,1,100
1764663242.075024,0xa9ea9a95F49aD35fC906da8ee98b4C8Ed6E44801,0,21000,8,1,100
1764663244.083688,0xc4c7b6fA8a29f83FBd477b098153Cdf98b6c0a24,8,21000,8,-1,20
1764663244.0959866,0xf4dc21B690023E1ffA7E793C20634e6e0be4a9E5,0,21000,8,1,100
1764663244.104638,0x8503E213c52bfD9f07c1D0981f2E41FfAFF8E75A,0,21000,8,1,100
1764663244.1143649,0x90c9EbDB9d395f77ECebD917ef51a65aE488fD22,0,21000,8,1,100
1764663244.1244512,0xCF0A16691B22b518c164D6A47A3185AD5A03aECf,0,21000,8,1,100
1764663244.1320262,0x721B77dFc20E45334884335F868656e315b076C6,0,21000,8,1,100
1764663244.1398108,0x3c0Db595aaA4BD50d97B5a0E0870FA6A42dcB312,0,21000,8,1,100
1764663244.1418295,0xCB8b13297fF527B17E5f837c4593601539691141,0,21000,8,1,100
1764663244.151405,0x7f319cF9b3BfDF05C4DafD1B5173bc70140278b5,0,21000,8,1,100
1764663244.1542592,0xa9ea9a95F49aD35fC906da8ee98b4C8Ed6E44801,0,21000,8,1,100
1764663246.17136,0xc4c7b6fA8a29f83FBd477b098153Cdf98b6c0a24,8,21000,8,-1,20
1764663246.1790483,0xf4dc21B690023E1ffA7E793C20634e6e0be4a9E5,0,21000,8,1,100
1764663246.1849926,0x8503E213c52bfD9f07c1D0981f2E41FfAFF8E75A,0,21000,8,1,100
1764663246.1971846,0x90c9EbDB9d395f77ECebD917ef51a65aE488fD22,0,21000,8,1,100
1764663246.200963,0xCF0A16691B22b518c164D6A47A3185AD5A03aECf,0,21000,8,1,100
1764663246.213565,0x721B77dFc20E45334884335F868656e315b076C6,0,21000,8,1,100
1764663246.221131,0x3c0Db595aaA4BD50d97B5a0E0870FA6A42dcB312,0,21000,8,1,100
1764663246.2240374,0xCB8b13297fF527B17E5f837c4593601539691141,0,21000,8,1,100
1764663246.2373068,0x7f319cF9b3BfDF05C4DafD1B5173bc70140278b5,0,21000,8,1,100
1764663246.2454357,0xa9ea9a95F49aD35fC906da8ee98b4C8Ed6E44801,0,21000,8,1,100
1764663248.2576427,0xc4c7b6fA8a29f83FBd477b098153Cdf98b6c0a24,8,21000,8,-1,20
1764663248.2676976,0xf4dc21B690023E1ffA7E793C20634e6e0be4a9E5,0,21000,8,1,100
1764663248.2755048,0x8503E213c52bfD9f07c1D0981f2E41FfAFF8E75A,0,21000,8,1,100
1764663248.283559,0x90c9EbDB9d395f77ECebD917ef51a65aE488fD22,0,21000,8,1,100
1764663248.291367,0xCF0A16691B22b518c164D6A47A3185AD5A03aECf,0,21000,8,1,100
1764663248.300348,0x721B77dFc20E45334884335F868656e315b076C6,0,21000,8,1,100
1764663248.3090456,0x3c0Db595aaA4BD50d97B5a0E0870FA6A42dcB312,0,21000,8,1,100
1764663248.3171017,0xCB8b13297fF527B17E5f837c4593601539691141,0,21000,8,1,100
1764663248.3248978,0x7f319cF9b3BfDF05C4DafD1B5173bc70140278b5,0,21000,8,1,100
1764663248.3334465,0xa9ea9a95F49aD35fC906da8ee98b4C8Ed6E44801,0,21000,8,1,100
1764663250.3451817,0xc4c7b6fA8a29f83FBd477b098153Cdf98b6c0a24,8,21000,8,-1,20
1764663250.3552518,0xf4dc21B690023E1ffA7E793C20634e6e0be4a9E5,0,21000,8,1,100
1764663250.3630574,0x8503E213c52bfD9f07c1D0981f2E41FfAFF8E75A,0,21000,8,1,100
1764663250.3738606,0x90c9EbDB9d395f77ECebD917ef51a65aE488fD22,0,21000,8,1,100
1764663250.3808963,0xCF0A16691B22b518c164D6A47A3185AD5A03aECf,0,21000,8,1,100
1764663250.3889503,0x721B77dFc20E45334884335F868656e315b076C6,0,21000,8,1,100
1764663250.39473,0x3c0Db595aaA4BD50d97B5a0E0870FA6A42dcB312,0,21000,8,1,100
1764663250.4007645,0xCB8b13297fF527B17E5f837c4593601539691141,0,21000,8,1,100
1764663250.408575,0x7f319cF9b3BfDF05C4DafD1B5173bc70140278b5,0,21000,8,1,100
1764663250.4166398,0xa9ea9a95F49aD35fC906da8ee98b4C8Ed6E44801,0,21000,8,1,100
1764663252.42887,0xc4c7b6fA8a29f83FBd477b098153Cdf98b6c0a24,8,21000,8,-1,20
1764663252.436242,0xf4dc21B690023E1ffA7E793C20634e6e0be4a9E5,0,21000,8,1,100
1764663252.443861,0x8503E213c52bfD9f07c1D0981f2E41FfAFF8E75A,0,21000,8,1,100
1764663252.452083,0x90c9EbDB9d395f77ECebD917ef51a65aE488fD22,0,21000,8,1,100
1764663252.460137,0xCF0A16691B22b518c164D6A47A3185AD5A03aECf,0,21000,8,1,100
1764663252.4677107,0x721B77dFc20E45334884335F868656e315b076C6,0,21000,8,1,100
1764663252.476722,0x3c0Db595aaA4BD50d97B5a0E0870FA6A42dcB312,0,21000,8,1,100
1764663252.483337,0xCB8b13297fF527B17E5f837c4593601539691141,0,21000,8,1,100
1764663252.490935,0x7f319cF9b3BfDF05C4DafD1B5173bc70140278b5,0,21000,8,1,100
1764663252.4959836,0xa9ea9a95F49aD35fC906da8ee98b4C8Ed6E44801,0,21000,8,1,100
1764663254.5083387,0xc4c7b6fA8a29f83FBd477b098153Cdf98b6c0a24,8,21000,8,-1,20
1764663254.518148,0xf4dc21B690023E1ffA7E793C20634e6e0be4a9E5,0,21000,8,1,100
1764663254.52764,0x8503E213c52bfD9f07c1D0981f2E41FfAFF8E75A,0,21000,8,1,100
1764663254.5367162,0x90c9EbDB9d395f77ECebD917ef51a65aE488fD22,0,21000,8,1,100
1764663254.5447748,0xCF0A16691B22b518c164D6A47A3185AD5A03aECf,0,21000,8,1,100
1764663254.551551,0x721B77dFc20E45334884335F868656e315b076C6,0,21000,8,1,100
1764663254.567656,0x3c0Db595aaA4BD50d97B5a0E0870FA6A42dcB312,0,21000,8,1,100
1764663254.576454,0xCB8b13297fF527B17E5f837c4593601539691141,0,21000,8,1,100
1764663254.5835004,0x7f319cF9b3BfDF05C4DafD1B5173bc70140278b5,0,21000,8,1,100
1764663254.5894482,0xa9ea9a95F49aD35fC906da8ee98b4C8Ed6E44801,0,21000,8,1,100
1764663256.6014104,0xc4c7b6fA8a29f83FBd477b098153Cdf98b6c0a24,8,21000,8,-1,20
1764663256.60946,0xf4dc21B690023E1ffA7E793C20634e6e0be4a9E5,0,21000,8,1,100
1764663256.615252,0x8503E213c52bfD9f07c1D0981f2E41FfAFF8E75A,0,21000,8,1,100
1764663256.619378,0x90c9EbDB9d395f77ECebD917ef51a65aE488fD22,0,21000,8,1,100
1764663256.6309872,0xCF0A16691B22b518c164D6A47A3185AD5A03aECf,0,21000,8,1,100
1764663256.639541,0x721B77dFc20E45334884335F868656e315b076C6,0,21000,8,1,100
1764663256.6450815,0x3c0Db595aaA4BD50d97B5a0E0870FA6A42dcB312,0,21000,8,1,100
1764663256.6545846,0xCB8b13297fF527B17E5f837c4593601539691141,0,21000,8,1,100
1764663256.660983,0x7f319cF9b3BfDF05C4DafD1B5173bc70140278b5,0,21000,8,1,100
1764663256.6690454,0xa9ea9a95F49aD35fC906da8ee98b4C8Ed6E44801,0,21000,8,1,100
1764663258.6822505,0xc4c7b6fA8a29f83FBd477b098153Cdf98b6c0a24,8,21000,8,-1,20
1764663258.6918635,0xf4dc21B690023E1ffA7E793C20634e6e0be4a9E5,0,21000,8,1,100
1764663258.7014923,0x8503E213c52bfD9f07c1D0981f2E41FfAFF8E75A,0,21000,8,1,100
1764663258.7075338,0x90c9EbDB9d395f77ECebD917ef51a65aE488fD22,0,21000,8,1,100
1764663258.7160037,0xCF0A16691B22b518c164D6A47A3185AD5A03aECf,0,21000,8,1,100
1764663258.723555,0x721B77dFc20E45334884335F868656e315b076C6,0,21000,8,1,100
1764663258.7280755,0x3c0Db595aaA4BD50d97B5a0E0870FA6A42dcB312,0,21000,8,1,100
1764663258.737525,0xCB8b13297fF527B17E5f837c4593601539691141,0,21000,8,1,100
1764663258.741548,0x7f319cF9b3BfDF05C4DafD1B5173bc70140278b5,0,21000,8,1,100
1764663258.750214,0xa9ea9a95F49aD35fC906da8ee98b4C8Ed6E44801,0,21000,8,1,100
1764663260.7641954,0xc4c7b6fA8a29f83FBd477b098153Cdf98b6c0a24,8,21000,8,-1,20
1764663260.7732472,0xf4dc21B690023E1ffA7E793C20634e6e0be4a9E5,0,21000,8,1,100
1764663260.7832878,0x8503E213c52bfD9f07c1D0981f2E41FfAFF8E75A,0,21000,8,1,100
1764663260.793074,0x90c9EbDB9d395f77ECebD917ef51a65aE488fD22,0,21000,8,1,100
1764663260.800856,0xCF0A16691B22b518c164D6A47A3185AD5A03aECf,0,21000,8,1,100
1764663260.8088925,0x721B77dFc20E45334884335F868656e315b076C6,0,21000,8,1,100
1764663260.816678,0x3c0Db595aaA4BD50d97B5a0E0870FA6A42dcB312,0,21000,8,1,100
1764663260.8247125,0xCB8b13297fF527B17E5f837c4593601539691141,0,21000,8,1,100
1764663260.830742,0x7f319cF9b3BfDF05C4DafD1B5173bc70140278b5,0,21000,8,1,100
1764663260.8385224,0xa9ea9a95F49aD35fC906da8ee98b4C8Ed6E44801,0,21000,8,1,100
1764663262.8471663,0xc4c7b6fA8a29f83FBd477b098153Cdf98b6c0a24,8,21000,8,-1,20
1764663262.8589242,0xf4dc21B690023E1ffA7E793C20634e6e0be4a9E5,0,21000,8,1,100
1764663262.8679783,0x8503E213c52bfD9f07c1D0981f2E41FfAFF8E75A,0,21000,8,1,100
1764663262.8752797,0x90c9EbDB9d395f77ECebD917ef51a65aE488fD22,0,21000,8,1,100
1764663262.8819103,0xCF0A16691B22b518c164D6A47A3185AD5A03aECf,0,21000,8,1,100
1764663262.890662,0x721B77dFc20E45334884335F868656e315b076C6,0,21000,8,1,100
1764663262.89671,0x3c0Db595aaA4BD50d97B5a0E0870FA6A42dcB312,0,21000,8,1,100
1764663262.90879,0xCB8b13297fF527B17E5f837c4593601539691141,0,21000,8,1,100
1764663262.9168477,0x7f319cF9b3BfDF05C4DafD1B5173bc70140278b5,0,21000,8,1,100
1764663262.9233496,0xa9ea9a95F49aD35fC906da8ee98b4C8Ed6E44801,0,21000,8,1,100
1764663264.9357212,0xc4c7b6fA8a29f83FBd477b098153Cdf98b6c0a24,8,21000,8,-1,20
1764663264.9417207,0xf4dc21B690023E1ffA7E793C20634e6e0be4a9E5,0,21000,8,1,100
1764663264.9492772,0x8503E213c52bfD9f07c1D0981f2E41FfAFF8E75A,0,21000,8,1,100
1764663264.9595945,0x90c9EbDB9d395f77ECebD917ef51a65aE488fD22,0,21000,8,1,100
1764663264.965885,0xCF0A16691B22b518c164D6A47A3185AD5A03aECf,0,21000,8,1,100
1764663264.9744067,0x721B77dFc20E45334884335F868656e315b076C6,0,21000,8,1,100
1764663264.9806168,0x3c0Db595aaA4BD50d97B5a0E0870FA6A42dcB312,0,21000,8,1,100
1764663264.9919262,0xCB8b13297fF527B17E5f837c4593601539691141,0,21000,8,1,100
1764663264.998662,0x7f319cF9b3BfDF05C4DafD1B5173bc70140278b5,0,21000,8,1,100
1764663265.0088863,0xa9ea9a95F49aD35fC906da8ee98b4C8Ed6E44801,0,21000,8,1,100
1764663267.017275,0xc4c7b6fA8a29f83FBd477b098153Cdf98b6c0a24,8,21000,8,-1,20
1764663267.0297885,0xf4dc21B690023E1ffA7E793C20634e6e0be4a9E5,0,21000,8,1,100
1764663267.037308,0x8503E213c52bfD9f07c1D0981f2E41FfAFF8E75A,0,21000,8,1,100
1764663267.0440292,0x90c9EbDB9d395f77ECebD917ef51a65aE488fD22,0,21000,8,1,100
1764663267.0535982,0xCF0A16691B22b518c164D6A47A3185AD5A03aECf,0,21000,8,1,100
1764663267.0596497,0x721B77dFc20E45334884335F868656e315b076C6,0,21000,8,1,100
1764663267.0683746,0x3c0Db595aaA4BD50d97B5a0E0870FA6A42dcB312,0,21000,8,1,100
1764663267.0759535,0xCB8b13297fF527B17E5f837c4593601539691141,0,21000,8,1,100
1764663267.083669,0x7f319cF9b3BfDF05C4DafD1B5173bc70140278b5,0,21000,8,1,100
1764663267.0957403,0xa9ea9a95F49aD35fC906da8ee98b4C8Ed6E44801,0,21000,8,1,100
1764663269.10797,0xc4c7b6fA8a29f83FBd477b098153Cdf98b6c0a24,8,21000,8,-1,20
1764663269.1160994,0xf4dc21B690023E1ffA7E793C20634e6e0be4a9E5,0,21000,8,1,100
1764663269.1241422,0x8503E213c52bfD9f07c1D0981f2E41FfAFF8E75A,0,21000,8,1,100
1764663269.1319084,0x90c9EbDB9d395f77ECebD917ef51a65aE488fD22,0,21000,8,1,100
1764663269.137931,0xCF0A16691B22b518c164D6A47A3185AD5A03aECf,0,21000,8,1,100
1764663269.14574,0x721B77dFc20E45334884335F868656e315b076C6,0,21000,8,1,100
1764663269.1524642,0x3c0Db595aaA4BD50d97B5a0E0870FA6A42dcB312,0,21000,8,1,100
1764663269.1592264,0xCB8b13297fF527B17E5f837c4593601539691141,0,21000,8,1,100
1764663269.167277,0x7f319cF9b3BfDF05C4DafD1B5173bc70140278b5,0,21000,8,1,100
1764663269.172726,0xa9ea9a95F49aD35fC906da8ee98b4C8Ed6E44801,0,21000,8,1,100
