timestamp,node,old_score,new_score,uptime,success_rate,latency_ms,avg_gas,tx_hash,block_number,note
2025-12-11T16:27:11.263706,0x0Fcc5BdCbe75446d347Ce743bEdA7A73a74015DA,75,92,0.8895,1.0,141.45,69890.0,9deaf32b6f9712f2e0a319ce05692728ef3233c42140e46c3aa9b98d9579a4dc,6,
2025-12-11T16:27:11.411160,0x123a4499893270C74b01B0a52E8941B38CdC6B89,0,86,0.7829,1.0,198.13,0,603f6c66c02ae55d2d496d158fc137fbb68ba51f427979c813b3dc8e03336f74,7,
2025-12-11T16:27:11.575541,0x906424E3bc923585Ab8F5220A406Fb94F34b1616,0,94,0.934,1.0,158.76,0,1c7f24aafc40a2bfcc1314aa3bcbad682d3074eafb6fc1922566e80485861c7e,8,
2025-12-11T16:27:11.728908,0x32B6B9a0689AbA1839ffba7255490D1087FfFd27,0,86,0.7546,1.0,93.75,0,2299dc602e9c1e0998eab80108f701bbb5d1e3bbbc496178751408652376a470,9,
2025-12-11T16:27:11.886733,0x8A08D4c2c3e9EBA2649127E8c2169E98B133F016,0,87,0.7561,1.0,79.51,0,80448b08934f780bd99328bd8cc8b1bc3036fce088bf0203905b17bc2265e0d8,10,
2025-12-11T16:27:12.065771,0xC0C408D998fD2E5A6b94d6cAdc4CB9A2085b622b,0,97,0.9827,1.0,126.77,0,ddbad7ec0d4cfdbce984d1bf791e4b6adea1e6e311a6ca64d469f56cf17c1a23,11,
2025-12-11T16:27:12.242854,0xF067F6EC91da3C8eb4F717247116b74a179BBB24,0,94,0.9471,1.0,168.25,0,002380309dc51cacbd5bc358a953afbb7afe58d12c91b155dcd1b6b23903b81c,12,
2025-12-11T16:27:12.395434,0x9af65fB23d7e85274791b224e32A2E21aDddd6e3,0,94,0.8902,1.0,56.03,0,9aa3ce63713e6465b09c10c8c00a49a7d7d966ac2c68e7be1718eb1ffb8c0a92,13,
2025-12-11T16:27:12.567588,0x54e7839dc818C465c1BFbde4346756DF408625Ef,0,83,0.7152,1.0,147.19,0,21c46a4679c9e0aeaf42bfbd036e07f03a06e21046a3d7de7dae384da8f4b053,14,
2025-12-11T16:27:12.752019,0x0e6F310F659C008d4b733E6C9Cb84717bdeb38f9,0,95,0.9471,1.0,111.38,0,f058d18414ec979778158e8f44cc68dc81d0c5baae00208577823b35eb00db7a,15,
2025-12-11T16:35:54.055569+00:00,0x0Fcc5BdCbe75446d347Ce743bEdA7A73a74015DA,92,84,0.7332,1.0,152.75,52808.53,c6fcc4dcf54304d035eaba7197be3b9cdd701ea91c990d496599a9e77c27ce77,16,
2025-12-11T16:35:54.272602+00:00,0x123a4499893270C74b01B0a52E8941B38CdC6B89,86,83,0.7294,1.0,190.84,0,854dd7c13b5550a1e2d0be97032937b3b82e023ff9d56704dc5f741449e215af,17,
2025-12-11T16:35:54.449394+00:00,0x906424E3bc923585Ab8F5220A406Fb94F34b1616,94,91,0.8759,1.0,162.1,0,9b96fbb15e6f282e0bd7e3a79d33d0ac9d3df6cd2b7a035cec2175f7d205fb4b,18,
2025-12-11T16:35:54.626536+00:00,0x32B6B9a0689AbA1839ffba7255490D1087FfFd27,86,94,0.8861,1.0,31.56,0,b6eae7d98061be9497f643a68af132bf296ddc49ed8ff4b76667a045ebef92d7,19,
2025-12-11T16:35:54.902926+00:00,0x8A08D4c2c3e9EBA2649127E8c2169E98B133F016,87,91,0.8236,1.0,48.19,0,68769eabd0a89f4add7aec3e02cf7594d7f9c5bec2953204b22150e08c7dda61,20,
2025-12-11T16:35:55.089144+00:00,0xC0C408D998fD2E5A6b94d6cAdc4CB9A2085b622b,97,89,0.8232,1.0,118.68,0,d56dceb68aa6d830cbdf7710271666a1a7dcae7c54c95660ac8f7b40bbb1a6f6,21,
2025-12-11T16:35:55.271490+00:00,0xF067F6EC91da3C8eb4F717247116b74a179BBB24,94,96,0.9611,1.0,100.33,0,3a3c69a39f6a4e534425103f656bcb161b7aceacae66dce1fab8baaf2629e046,22,
2025-12-11T16:35:55.473292+00:00,0x9af65fB23d7e85274791b224e32A2E21aDddd6e3,94,92,0.8895,1.0,130.03,0,964fbcc7980b6fc3f0cb087e705bc65236a3dd6c16f3d01110e1576e7a190668,23,
2025-12-11T16:35:55.654989+00:00,0x54e7839dc818C465c1BFbde4346756DF408625Ef,83,88,0.768,1.0,41.84,0,5355e029605f218c16ada37515d07d2a484ba8cf8388e930c021f80dc8e9ff39,24,
2025-12-11T16:35:55.822400+00:00,0x0e6F310F659C008d4b733E6C9Cb84717bdeb38f9,95,90,0.8224,1.0,85.31,0,5bee3dca32014bc186416b233bad6bdbe9729b5885f785f6a1dfdd776a22479b,25,
2025-12-11T16:36:06.184832+00:00,0x0Fcc5BdCbe75446d347Ce743bEdA7A73a74015DA,84,99,0.9827,1.0,46.0,43236.24,f561314444741f503ab7c8dfaa279c9027c5ee4ed8e09d1e7bc894586a8c08e5,26,
2025-12-11T16:36:06.384540+00:00,0x123a4499893270C74b01B0a52E8941B38CdC6B89,83,88,0.776,1.0,56.03,0,3c83cdd3e7c4f6d292b817f28fd1630a2d59076bbd7a4eba1df8aeb9138cdccd,27,
2025-12-11T16:36:06.586840+00:00,0x906424E3bc923585Ab8F5220A406Fb94F34b1616,91,92,0.8645,1.0,56.85,0,6d295985e58882c283a1405453f9a4a3de001e32d9be79c249a1e792e1c69281,28,
2025-12-11T16:36:06.796060+00:00,0x32B6B9a0689AbA1839ffba7255490D1087FfFd27,94,87,0.7756,1.0,97.38,0,aaca76a97f60d2ff5c09dce0340ef50372251ae39b195e3fa014230f7039afa8,29,
2025-12-11T16:36:07.027266+00:00,0x8A08D4c2c3e9EBA2649127E8c2169E98B133F016,91,92,0.8988,1.0,166.75,0,3439dcd6c576eb6315bc4f3dec6a61d4bde85145be19d0011f9941fb73cc11d9,30,
2025-12-11T16:36:07.260550+00:00,0xC0C408D998fD2E5A6b94d6cAdc4CB9A2085b622b,89,93,0.8728,1.0,74.48,0,7dcc1c36caa92aba02772bad776f1d09543be66d117176b24cb61761c636718a,31,
2025-12-11T16:36:07.491812+00:00,0xF067F6EC91da3C8eb4F717247116b74a179BBB24,96,84,0.7307,1.0,130.1,0,efe86043d1a6c8e5b336caa78f426e029002f4c975b4d2503734495b08d0bc53,32,
2025-12-11T16:36:07.725271+00:00,0x9af65fB23d7e85274791b224e32A2E21aDddd6e3,92,88,0.8116,1.0,132.57,0,5e725263492776d27aecadfe9a918342cf21b7f122728ad12894dcc7db7e1da8,33,
2025-12-11T16:36:07.951753+00:00,0x54e7839dc818C465c1BFbde4346756DF408625Ef,88,98,0.9687,1.0,29.37,0,f48bf2bb5f0d57b6ebd0c6fdddcffa1d4d30973b46b4a06adfb827555e62a30d,34,
2025-12-11T16:36:08.182524+00:00,0x0e6F310F659C008d4b733E6C9Cb84717bdeb38f9,90,86,0.737,1.0,38.49,0,efe4a75e6e5b7b3221adb86d71f7b2ac4670c77f7b80967b0b60ed299e873254,35,
2025-12-11T16:36:18.681752+00:00,0x0Fcc5BdCbe75446d347Ce743bEdA7A73a74015DA,99,99,0.9827,1.0,46.0,39133.83,ec75c09d79e3a931bb7dc154090616c2aac9902a07ce948efc84c4e471c2c978,36,
2025-12-11T16:36:18.925406+00:00,0x123a4499893270C74b01B0a52E8941B38CdC6B89,88,88,0.776,1.0,56.03,0,eae1eabbb338279aee04ce6349f38c65127bf9e9b69b520c13afe6342db5d6ee,37,
2025-12-11T16:36:19.139442+00:00,0x906424E3bc923585Ab8F5220A406Fb94F34b1616,92,92,0.8645,1.0,56.85,0,ae60314cf24ced636ac1b78eaf79dc1e34a8675e25f90888ce9790e28f3d785c,38,
2025-12-11T16:36:19.368463+00:00,0x32B6B9a0689AbA1839ffba7255490D1087FfFd27,87,87,0.7756,1.0,97.38,0,41e810c378ffa049c6687d6d35296412a56ade8d87fa6ccf3fc62319d57aed43,39,
2025-12-11T16:36:19.588830+00:00,0x8A08D4c2c3e9EBA2649127E8c2169E98B133F016,92,92,0.8988,1.0,166.75,0,84579ad5523b2d1e176e21b658a7caf07f47c6a9ee607d8a55384a3a48596772,40,
2025-12-11T16:36:19.834183+00:00,0xC0C408D998fD2E5A6b94d6cAdc4CB9A2085b622b,93,93,0.8728,1.0,74.48,0,097b33f6e874f0678481bcbe36b0e9771b191ce62fa59f7dc593df107539ccb7,41,
2025-12-11T16:36:20.081233+00:00,0xF067F6EC91da3C8eb4F717247116b74a179BBB24,84,84,0.7307,1.0,130.1,0,b77f7701c90f0a5bb7e7932a9df404d93dfd06fd61a750022d3463f959e70ecd,42,
2025-12-11T16:36:20.354206+00:00,0x9af65fB23d7e85274791b224e32A2E21aDddd6e3,88,88,0.8116,1.0,132.57,0,1ea6ab8d18130da938c96abde3162904e1d2e17bc72d0b4230781af9a60d9f6d,43,
2025-12-11T16:36:20.599398+00:00,0x54e7839dc818C465c1BFbde4346756DF408625Ef,98,98,0.9687,1.0,29.37,0,cb098f49ca582b87dd8ae643237508756aae2e8c610809039889099717f1c171,44,
2025-12-11T16:36:20.842988+00:00,0x0e6F310F659C008d4b733E6C9Cb84717bdeb38f9,86,86,0.737,1.0,38.49,0,c5171385c238f2bf93d1545fd212cbfdc5a8fae13ab5ca822607e880755beae2,45,
2025-12-11T16:36:31.432920+00:00,0x0Fcc5BdCbe75446d347Ce743bEdA7A73a74015DA,99,96,0.9827,1.0,179.15,36232.49,b0ac457f225107ca389960fd3ced5773db8eb2fcf7516c681ed5869f72b8fc7d,46,
2025-12-11T16:36:31.717297+00:00,0x123a4499893270C74b01B0a52E8941B38CdC6B89,88,86,0.776,1.0,134.63,0,d04c480fc6e97e2c324e2f3846ecb09b1bff4cc302211bf10d0d036d0018bb2e,47,
2025-12-11T16:36:31.989731+00:00,0x906424E3bc923585Ab8F5220A406Fb94F34b1616,92,92,0.8645,1.0,79.28,0,de739e573d6061c83ac45669a2520ad41bd8ad5898506fee81e8679b596ca491,48,
2025-12-11T16:36:32.294147+00:00,0x32B6B9a0689AbA1839ffba7255490D1087FfFd27,87,87,0.7756,1.0,98.22,0,85f8de605c758d71029452da786e71eeaeb01576ba5094e01e138d2818cee674,49,
2025-12-11T16:36:32.568239+00:00,0x8A08D4c2c3e9EBA2649127E8c2169E98B133F016,92,93,0.8988,1.0,137.34,0,a0e47330e4b57ebb0c311ce44a38a8c509f4940a2845d82528c1940e4cad2a5d,50,
2025-12-11T16:36:32.824433+00:00,0xC0C408D998fD2E5A6b94d6cAdc4CB9A2085b622b,93,92,0.8728,1.0,108.46,0,915171acbe9cdf29d39a28787f366d0abeae3bb5b969ce53fac0d5570cb67088,51,
2025-12-11T16:36:33.119748+00:00,0xF067F6EC91da3C8eb4F717247116b74a179BBB24,84,84,0.7307,1.0,141.95,0,5bd045ce9a81546e3f5dade9213d16e0668d37100bb0818be1f37188ef792c67,52,
2025-12-11T16:36:33.390937+00:00,0x9af65fB23d7e85274791b224e32A2E21aDddd6e3,88,89,0.8116,1.0,94.44,0,83f7e88c3c78575e16ca510cb01271a7f993787fd3e76287330a1a9c4ee16b54,53,
2025-12-11T16:36:33.690362+00:00,0x54e7839dc818C465c1BFbde4346756DF408625Ef,98,98,0.9687,1.0,49.25,0,1727351b43f0e278f3491bd1749683ad50d6d6e12be0aee7a7181f4db9cce123,54,
2025-12-11T16:36:33.973370+00:00,0x0e6F310F659C008d4b733E6C9Cb84717bdeb38f9,86,85,0.737,1.0,127.36,0,f202a553b11a0c67fdef1194bfc1e2cb6db8be03033abdad9ba6cba224542d1e,55,
2025-12-11T16:36:44.588344+00:00,0x0Fcc5BdCbe75446d347Ce743bEdA7A73a74015DA,96,96,0.9827,1.0,179.15,34691.64,832a313d152892f1515e3eef54dd7d2159e0451c2b55139b862965a546902b17,56,
2025-12-11T16:36:44.840944+00:00,0x123a4499893270C74b01B0a52E8941B38CdC6B89,86,86,0.776,1.0,134.63,0,9e273d55097a8010487c9a16e5285b64e9110861365e391f581e32cb7d4db9d8,57,
2025-12-11T16:36:45.124118+00:00,0x906424E3bc923585Ab8F5220A406Fb94F34b1616,92,92,0.8645,1.0,79.28,0,619f06a164ee22e009f56bca60847e71000fa821d2a47b2a9a290e93e018994f,58,
2025-12-11T16:36:45.397715+00:00,0x32B6B9a0689AbA1839ffba7255490D1087FfFd27,87,87,0.7756,1.0,98.22,0,341d6d019c314f369d8d826dc62e69fd1331e33273a929f6281c83b92db68377,59,
2025-12-11T16:36:45.674586+00:00,0x8A08D4c2c3e9EBA2649127E8c2169E98B133F016,93,93,0.8988,1.0,137.34,0,68ef1fb3011f15145502ca4ad6f7172211b4d744bf0908204b3a117f1183879d,60,
2025-12-11T16:36:45.980747+00:00,0xC0C408D998fD2E5A6b94d6cAdc4CB9A2085b622b,92,92,0.8728,1.0,108.46,0,c217c4cd1690bb8b0b159c475fa3356b0825487c7759a6000a3e3bb489e8fcf8,61,
2025-12-11T16:36:46.278226+00:00,0xF067F6EC91da3C8eb4F717247116b74a179BBB24,84,84,0.7307,1.0,141.95,0,7c3f310b943257f9c648d3ee557833712bb7569930a019ce896c9ec04c42beca,62,
2025-12-11T16:36:46.555539+00:00,0x9af65fB23d7e85274791b224e32A2E21aDddd6e3,89,89,0.8116,1.0,94.44,0,7b56835ced9ddf1d0a0880fa74248ac7934aa50c17b351b8d8a593d1893ef1ae,63,
2025-12-11T16:36:46.853622+00:00,0x54e7839dc818C465c1BFbde4346756DF408625Ef,98,98,0.9687,1.0,49.25,0,a506f018c916fcd56db2dbec19ea666f2e37a0b6f8760b2483002d98c8327d39,64,
2025-12-11T16:36:47.157570+00:00,0x0e6F310F659C008d4b733E6C9Cb84717bdeb38f9,85,85,0.737,1.0,127.36,0,1dec9486ea30c4bcf07ce546de8e788a04fa3bd681b142204f328e511adcf34f,65,
2025-12-11T16:36:57.795194+00:00,0x0Fcc5BdCbe75446d347Ce743bEdA7A73a74015DA,96,96,0.9827,1.0,179.15,33366.43,468f6230a2dfa854706b487097c422fc8fada4cb8e5a975c6d8dd337a424485e,66,
2025-12-11T16:36:58.084164+00:00,0x123a4499893270C74b01B0a52E8941B38CdC6B89,86,86,0.776,1.0,134.63,0,1ad1a1aab10066a18449a5f8e514b777323b1034212c68ae40aafc7079eee7bc,67,
2025-12-11T16:36:58.376232+00:00,0x906424E3bc923585Ab8F5220A406Fb94F34b1616,92,92,0.8645,1.0,79.28,0,223ba42ff4c5b1f3a0442cfa3f3ad7f112afd3dffbc1e426dc6810f5930135b0,68,
2025-12-11T16:36:58.697363+00:00,0x32B6B9a0689AbA1839ffba7255490D1087FfFd27,87,87,0.7756,1.0,98.22,0,6adea2808d0e73cb7848eb1b47ff1509f48d0022c7b4d84eafaec3e006165d87,69,
2025-12-11T16:36:59.015380+00:00,0x8A08D4c2c3e9EBA2649127E8c2169E98B133F016,93,93,0.8988,1.0,137.34,0,9cfcade63f03992ca391335562e31370552b94e5a0fb92da1627f24f4b99753d,70,
2025-12-11T16:36:59.316870+00:00,0xC0C408D998fD2E5A6b94d6cAdc4CB9A2085b622b,92,92,0.8728,1.0,108.46,0,57f60b7026aa9d292f52c5cdc40af23261b3c17afd0c62fc5dca930b84635072,71,
2025-12-11T16:36:59.620982+00:00,0xF067F6EC91da3C8eb4F717247116b74a179BBB24,84,84,0.7307,1.0,141.95,0,133159dd22defc70196a3c472ad3d071e1c02aecbddf797b5352fc565631a1d8,72,
2025-12-11T16:36:59.929977+00:00,0x9af65fB23d7e85274791b224e32A2E21aDddd6e3,89,89,0.8116,1.0,94.44,0,7192664e3787fc4e53184d0b3e4ab0deabf5742617e35e9be79ba45a6ffe1c0f,73,
2025-12-11T16:37:00.384951+00:00,0x54e7839dc818C465c1BFbde4346756DF408625Ef,98,96,0.9471,1.0,71.44,0,1e031a8dc352a5abcdba1bf7b8d4a33286cdfd8572c8c4c6a0f7cce77c22ddc9,74,
2025-12-11T16:37:00.881340+00:00,0x0e6F310F659C008d4b733E6C9Cb84717bdeb38f9,85,93,0.9308,1.0,191.92,0,75889ed2cd8d25a637014e12077f0f27a52b01507c1fb041438701ffa533b3c3,75,
2025-12-11T16:37:12.050683+00:00,0x0Fcc5BdCbe75446d347Ce743bEdA7A73a74015DA,96,84,0.7393,1.0,168.66,32469.28,5962185b97981471860a090a7253364debaf2cbfa724918207b9666dc48a2cfe,76,
2025-12-11T16:37:12.530537+00:00,0x123a4499893270C74b01B0a52E8941B38CdC6B89,86,95,0.9198,1.0,47.33,0,707f59150a9adae3bba90bf21a9193c672e2058532e8d00e6263bec09177c270,77,
2025-12-11T16:37:13.021100+00:00,0x906424E3bc923585Ab8F5220A406Fb94F34b1616,92,89,0.8051,1.0,98.23,0,c5047711bcf1a95e8d29b74f243407b0e019dbe2acf8afcda005eab53ffcc911,78,
2025-12-11T16:37:13.493845+00:00,0x32B6B9a0689AbA1839ffba7255490D1087FfFd27,87,95,0.905,1.0,46.46,0,ec0f24461dfe298510c6d305e8ed6b9fe714194507cb61c9f52f7a62d16a6f56,79,
2025-12-11T16:37:13.969612+00:00,0x8A08D4c2c3e9EBA2649127E8c2169E98B133F016,93,86,0.7436,1.0,96.74,0,a68996ff55b22277fc48c9f800d3159d17a8ad6cba5c33bbebb66dfe4453fc6f,80,
2025-12-11T16:37:14.447649+00:00,0xC0C408D998fD2E5A6b94d6cAdc4CB9A2085b622b,92,96,0.9843,1.0,189.64,0,5d709cd34a112c6ce41128bebcfa65ec91a0fe45b79865c7943ca4f2fac26c99,81,
2025-12-11T16:37:14.930186+00:00,0xF067F6EC91da3C8eb4F717247116b74a179BBB24,84,94,0.9592,1.0,190.04,0,67c89a3b96a6c60be12feb60a2fa8e8b84ae265f96115099a5ae37e98278a2c9,82,
2025-12-11T16:37:15.411914+00:00,0x9af65fB23d7e85274791b224e32A2E21aDddd6e3,89,89,0.8015,1.0,93.75,0,58dce73ff2380c92922a84659b198079e4a221a641bb5c2f2f79baf77aa7c3ad,83,
2025-12-11T16:37:15.918905+00:00,0x54e7839dc818C465c1BFbde4346756DF408625Ef,96,96,0.9471,1.0,71.44,0,e151ccc81094e950372327fdb09c30a78a8cf2a61bd45c447489bceffed7eb81,84,
2025-12-11T16:37:16.391994+00:00,0x0e6F310F659C008d4b733E6C9Cb84717bdeb38f9,93,93,0.9308,1.0,191.92,0,da9a834ae7745b50b7cf6b4a3a36364eb51a5370df13b57b6851f8133cc4b062,85,
2025-12-11T16:37:27.670219+00:00,0x0Fcc5BdCbe75446d347Ce743bEdA7A73a74015DA,84,84,0.7393,1.0,168.66,31947.93,0762d7c70ccbf2aff8259442037f0b626e7612691479ba5ff96812a6b7e8faf7,86,
2025-12-11T16:37:28.210707+00:00,0x123a4499893270C74b01B0a52E8941B38CdC6B89,95,95,0.9198,1.0,47.33,0,b55382b40405f416a1f9a127086d52b184a9d2083e532453fec23ac49550b361,87,
2025-12-11T16:37:28.772204+00:00,0x906424E3bc923585Ab8F5220A406Fb94F34b1616,89,89,0.8051,1.0,98.23,0,df79cd843692d055231ee0dd2770ff950d4c853acdd670ecd9b5ad66999df609,88,
2025-12-11T16:37:29.334603+00:00,0x32B6B9a0689AbA1839ffba7255490D1087FfFd27,95,95,0.905,1.0,46.46,0,933d31d64b9a93b424bd1151f1f71224bca9f85ad673b1df81807704d88b51dc,89,
2025-12-11T16:37:29.868236+00:00,0x8A08D4c2c3e9EBA2649127E8c2169E98B133F016,86,86,0.7436,1.0,96.74,0,a1d3b8be1cc82d607cec1ca788c379230cc829f0f284b0fcf9206d47b0341d7a,90,
2025-12-11T16:37:30.474374+00:00,0xC0C408D998fD2E5A6b94d6cAdc4CB9A2085b622b,96,97,0.9843,1.0,147.45,0,ee4bbb37241df184f70fc974a0cf540c8e2a9804be8ea177f83cf2010acd18a7,91,
2025-12-11T16:37:31.002318+00:00,0xF067F6EC91da3C8eb4F717247116b74a179BBB24,94,94,0.9592,1.0,192.19,0,387c9238e1d4384d5bb2164603d50f319102d46f055758ceeb1e2be8facd1a31,92,
2025-12-11T16:37:31.552184+00:00,0x9af65fB23d7e85274791b224e32A2E21aDddd6e3,89,89,0.8015,1.0,78.44,0,8a7d3ce90cf540f485bf5bb7d05e4510da4d89a3c4d581f221e7cafd8ca96306,93,
2025-12-11T16:37:32.123271+00:00,0x54e7839dc818C465c1BFbde4346756DF408625Ef,96,95,0.9471,1.0,134.98,0,901d64adea678075a7a2958c31d93e6135a7a7b6aeb958795b59fa5ee23a461d,94,
2025-12-11T16:37:32.713033+00:00,0x0e6F310F659C008d4b733E6C9Cb84717bdeb38f9,93,95,0.9308,1.0,90.11,0,b404040b6a99ae65d929847a0a24d1ee19a1386b02cd6601192b46dff6103a83,95,
2025-12-11T16:37:44.202016+00:00,0x0Fcc5BdCbe75446d347Ce743bEdA7A73a74015DA,84,85,0.7393,1.0,96.3,31418.44,dcbad1ced964a325c4fde0683a58609d117af34bee9ecc5b3578899f75236a6e,96,
2025-12-11T16:37:44.743202+00:00,0x123a4499893270C74b01B0a52E8941B38CdC6B89,95,95,0.9198,1.0,68.59,0,031d8ac9e6ffe8382e920f9cc31c975f30e697e62d4a352c07bec1d6e54e2e26,97,
2025-12-11T16:37:45.278252+00:00,0x906424E3bc923585Ab8F5220A406Fb94F34b1616,89,90,0.8051,1.0,36.31,0,bfd8ed4479e068e4b53b5f1d85d8e25b477a7d9f0f74811e9fe2bf6627c88e1b,98,
2025-12-11T16:37:45.855616+00:00,0x32B6B9a0689AbA1839ffba7255490D1087FfFd27,95,94,0.905,1.0,60.98,0,33500bdbec94a19861b084e3362445233cebbad14d83ea250d03451c54529171,99,
2025-12-11T16:37:46.414159+00:00,0x8A08D4c2c3e9EBA2649127E8c2169E98B133F016,86,84,0.7436,1.0,184.34,0,d6dee95485724bb5a935025b4597ae9432997c15c31fe88d403d0c18a03d717c,100,
2025-12-11T16:37:46.993998+00:00,0xC0C408D998fD2E5A6b94d6cAdc4CB9A2085b622b,97,97,0.9843,1.0,147.45,0,107037d9c2dac891a6b8cb616a4b2e085f641b0492c06caeecf2ebc3ff1f3633,101,
2025-12-11T16:37:47.519721+00:00,0xF067F6EC91da3C8eb4F717247116b74a179BBB24,94,94,0.9592,1.0,192.19,0,27a0f6f17dc45292857d974b0086f6388b4a2a81b3186ae3ac454065a09439e0,102,
2025-12-11T16:37:48.125332+00:00,0x9af65fB23d7e85274791b224e32A2E21aDddd6e3,89,89,0.8015,1.0,78.44,0,7c11a48f927cd2d02e0b588b8c85ed0685aa2e3ead3f8bd7562bef597426f466,103,
2025-12-11T16:37:48.647837+00:00,0x54e7839dc818C465c1BFbde4346756DF408625Ef,95,95,0.9471,1.0,134.98,0,a03820dc33f71ce42fd9cb63e2cbb205cacf6f722559bef101f63356fcfe5d9f,104,
2025-12-11T16:37:49.206297+00:00,0x0e6F310F659C008d4b733E6C9Cb84717bdeb38f9,95,95,0.9308,1.0,90.11,0,e18bcd4c70292b10b8d22224f3a2f6f3a4b4d72b9446e8afc30d78d6dee1c450,105,
2025-12-11T16:38:00.635479+00:00,0x0Fcc5BdCbe75446d347Ce743bEdA7A73a74015DA,85,97,0.9926,1.0,170.14,29072.8,a3cc9bb1c0ddb330e067027979411f464445fb49a4be4e7996d854fdf43c877d,106,
2025-12-11T16:38:01.185109+00:00,0x123a4499893270C74b01B0a52E8941B38CdC6B89,95,89,0.8311,1.0,150.26,0,b58fe00b34e2cc0344266a108ee36950f5cad9ac259e6278b4d478d3c6ce4158,107,
2025-12-11T16:38:01.742554+00:00,0x906424E3bc923585Ab8F5220A406Fb94F34b1616,90,93,0.8611,1.0,34.02,0,7cec05e17f45f91eb89fad7d0de1d74ddf8284b6c90d8ee377e0fdc19fd9ae8a,108,
2025-12-11T16:38:02.283725+00:00,0x32B6B9a0689AbA1839ffba7255490D1087FfFd27,94,87,0.8063,1.0,195.76,0,8e5c5a53a69e5fb3043e305233383636e00117bc66a96977cb0d88e7ed5fd749,109,
2025-12-11T16:38:02.842047+00:00,0x8A08D4c2c3e9EBA2649127E8c2169E98B133F016,84,92,0.8823,1.0,137.64,0,3e03c44f528daac0294b3f329f51b999352a94efab0aa4d617b0d1f96dc94fba,110,
2025-12-11T16:38:03.400850+00:00,0xC0C408D998fD2E5A6b94d6cAdc4CB9A2085b622b,97,97,0.9911,1.0,152.44,0,2117bf7ab8d85c33b0371cf25862d841a0f955322331bcaa8fa4faffd7c94007,111,
2025-12-11T16:38:04.010543+00:00,0xF067F6EC91da3C8eb4F717247116b74a179BBB24,94,91,0.8554,1.0,91.38,0,e7e247ac50069faf72ede608bdc56dee59e09cc3eb141f7bb9ac2d90f71eb501,112,
2025-12-11T16:38:04.591891+00:00,0x9af65fB23d7e85274791b224e32A2E21aDddd6e3,89,82,0.7072,1.0,181.5,0,8587a888eaa8e57e6de855292ed7794274d806cffcf937b2789ad8c2aa7590f8,113,
2025-12-11T16:38:05.143250+00:00,0x54e7839dc818C465c1BFbde4346756DF408625Ef,95,97,0.9601,1.0,76.81,0,3264914de9a69caee9f58b87c8e7fb41614a1e76cd74d5bbca54b1c1407b0d1b,114,
2025-12-11T16:38:05.707370+00:00,0x0e6F310F659C008d4b733E6C9Cb84717bdeb38f9,95,89,0.8474,1.0,193.33,0,326918f7cacf76ef04cf526007f2ea0d25b25fed8c46848e7af87d01e723e520,115,
2025-12-11T16:38:17.127527+00:00,0x0Fcc5BdCbe75446d347Ce743bEdA7A73a74015DA,97,97,0.9926,1.0,170.14,27505.8,1ec0060de3dfe5b871d8e97792128e60dfdf6b91dea131082ff834045fb272cf,116,
2025-12-11T16:38:17.735751+00:00,0x123a4499893270C74b01B0a52E8941B38CdC6B89,89,89,0.8311,1.0,150.26,0,bd60422542331ac3e95f54d062cb024b011cf242b206a719bfa548957cb57377,117,
2025-12-11T16:38:18.264244+00:00,0x906424E3bc923585Ab8F5220A406Fb94F34b1616,93,93,0.8611,1.0,34.02,0,5644f24beecff5833f30280582eda1ecdf638d9c9651a09f5d53205ee967bbea,118,
2025-12-11T16:38:18.883799+00:00,0x32B6B9a0689AbA1839ffba7255490D1087FfFd27,87,87,0.8063,1.0,195.76,0,3688aa6ab895ff540311936e7086a84e260bf729c126f3e60341788373b48406,119,
2025-12-11T16:38:19.513125+00:00,0x8A08D4c2c3e9EBA2649127E8c2169E98B133F016,92,92,0.8823,1.0,137.64,0,8fc986c457e4e1efe1e9fd800bc2e38cc0a27624ed8622531551709ebc9e03ba,120,
2025-12-11T16:38:20.123133+00:00,0xC0C408D998fD2E5A6b94d6cAdc4CB9A2085b622b,97,97,0.9911,1.0,152.44,0,354864b3a2358e1869a054f0b2fe42ad5998729ea658b13c38c06e0220fb00dd,121,
2025-12-11T16:38:20.699692+00:00,0xF067F6EC91da3C8eb4F717247116b74a179BBB24,91,91,0.8554,1.0,91.38,0,77d7f7eeb181c6e3e5eb305e649486f0aaa0bec7e2936c5b02304feb374077d4,122,
2025-12-11T16:38:21.080163+00:00,0x9af65fB23d7e85274791b224e32A2E21aDddd6e3,82,82,0.7072,1.0,181.5,0,78afddc142b04c322698fe50a1bbe7d7899ee2238f82c05c54f8f790408e823f,123,
2025-12-11T16:38:21.424415+00:00,0x54e7839dc818C465c1BFbde4346756DF408625Ef,97,97,0.9601,1.0,76.81,0,4182778c340ca8095e77f839c1308fd65c0a47318cea10a24bed6942157259b6,124,
2025-12-11T16:38:21.788239+00:00,0x0e6F310F659C008d4b733E6C9Cb84717bdeb38f9,89,89,0.8474,1.0,193.33,0,014ea842a52ff8ed96f6b7191c41b90b1884dccb994d6c19f5ddf5349ec100c7,125,
2025-12-11T16:38:32.679364+00:00,0x0Fcc5BdCbe75446d347Ce743bEdA7A73a74015DA,97,96,0.9926,1.0,191.66,27225.8,1ff1298e47a9ac09f7695a85bfd5c6a00b6dffe2a1cbcd70487ce12618b13a59,126,
2025-12-11T16:38:33.015613+00:00,0x123a4499893270C74b01B0a52E8941B38CdC6B89,89,91,0.8311,1.0,46.8,0,5676c44daebf9b480235ce518f470de3556773d1737059695fd0e285bf1f9155,127,
2025-12-11T16:38:33.339949+00:00,0x906424E3bc923585Ab8F5220A406Fb94F34b1616,93,91,0.8611,1.0,97.14,0,f8b135f32d653a905141d0285654058b81a9ceb04ba51e1d983664e3dd080bdc,128,
2025-12-11T16:38:33.699482+00:00,0x32B6B9a0689AbA1839ffba7255490D1087FfFd27,87,87,0.8063,1.0,166.63,0,f69fc1817f5fa84a3cdcee292c8144f2b4f233b18c39527713811fe65441579c,129,
2025-12-11T16:38:34.072413+00:00,0x8A08D4c2c3e9EBA2649127E8c2169E98B133F016,92,91,0.8823,1.0,170.52,0,dac0bced2efbb3c1cab0d86c48f6683a29bd2b121987c5e9b2e8ab1906e7fae3,130,
2025-12-11T16:38:34.440608+00:00,0xC0C408D998fD2E5A6b94d6cAdc4CB9A2085b622b,97,96,0.9911,1.0,174.37,0,6e567424306715930a960b7a04290d78e70259f62224662e2db2cc20c4b987a6,131,
2025-12-11T16:38:34.762728+00:00,0xF067F6EC91da3C8eb4F717247116b74a179BBB24,91,92,0.8554,1.0,50.17,0,01057edb899cf03c816a2efc45bbd15535d9d328d44cd1b87248cf8f9696e864,132,
2025-12-11T16:38:35.129934+00:00,0x9af65fB23d7e85274791b224e32A2E21aDddd6e3,82,85,0.7072,1.0,50.56,0,f65c1f9a1d45c52c7863ab53430a055b7119f8ac554e450fc14ad7c9cbd62a6f,133,
2025-12-11T16:38:35.485936+00:00,0x54e7839dc818C465c1BFbde4346756DF408625Ef,97,98,0.9601,1.0,40.71,0,1f8c439dfb344105105bf777785c055dd8928c77b910bb534b352ff57246f0f9,134,
2025-12-11T16:38:35.812039+00:00,0x0e6F310F659C008d4b733E6C9Cb84717bdeb38f9,89,89,0.8474,1.0,182.91,0,15138247d436d0358db5c1bd9757cb5c4866745534f06e3ec3733b132056ecbe,135,
2025-12-11T16:38:47.365062+00:00,0x0Fcc5BdCbe75446d347Ce743bEdA7A73a74015DA,96,96,0.9926,1.0,191.66,27169.8,0c10cb0c0afa5cb270997a29a06bc341276715ea5122c57f68d37d860b8f86f1,136,
2025-12-11T16:38:48.018611+00:00,0x123a4499893270C74b01B0a52E8941B38CdC6B89,91,91,0.8311,1.0,46.8,0,e1d19ae69743b1bc05931d5a4ef530a0739a0ba18febfe87aa4181b3b5bb603c,137,
2025-12-11T16:38:48.621101+00:00,0x906424E3bc923585Ab8F5220A406Fb94F34b1616,91,91,0.8611,1.0,97.14,0,cd741798ad512cd60bc47b719940dce790bdcd326c3f7e22c559689f88922cd7,138,
2025-12-11T16:38:49.252103+00:00,0x32B6B9a0689AbA1839ffba7255490D1087FfFd27,87,87,0.8063,1.0,166.63,0,e9aa01cff338e11da1e14aea848495026c80ad35efe41b47155a9f10b882aab1,139,
2025-12-11T16:38:49.845382+00:00,0x8A08D4c2c3e9EBA2649127E8c2169E98B133F016,91,91,0.8823,1.0,170.52,0,f73107284c36cae7376e24957b130e9dac4d6b618fa2c33ba5e9e16721df3352,140,
2025-12-11T16:38:50.513106+00:00,0xC0C408D998fD2E5A6b94d6cAdc4CB9A2085b622b,96,96,0.9911,1.0,174.37,0,344aa025c72e339bb0b5fa78df57fc5b8a44267a03b12e66b29292e3264c9845,141,
2025-12-11T16:38:51.064080+00:00,0xF067F6EC91da3C8eb4F717247116b74a179BBB24,92,92,0.8554,1.0,50.17,0,51685ca8433acda718bcfc973a4f9f72b2c9be7d23923c5c54793205a8961142,142,
2025-12-11T16:38:51.661695+00:00,0x9af65fB23d7e85274791b224e32A2E21aDddd6e3,85,85,0.7072,1.0,50.56,0,58b028bbf5ec30ccfe652b17b1acff555372c04efa3e218ed282459fef239254,143,
2025-12-11T16:38:52.195470+00:00,0x54e7839dc818C465c1BFbde4346756DF408625Ef,98,98,0.9601,1.0,40.71,0,1f428269dd5fdaf936f829cda2254f5c1ac9c71bc6ff8060f2bef9e6459b6248,144,
2025-12-11T16:38:52.728050+00:00,0x0e6F310F659C008d4b733E6C9Cb84717bdeb38f9,89,89,0.8474,1.0,182.91,0,6a9cd1bedff7e3c971fb0d957f847edadb7ca077da73ffeda321320924b5f805,145,
2025-12-11T16:39:04.266813+00:00,0x0Fcc5BdCbe75446d347Ce743bEdA7A73a74015DA,96,89,0.8444,1.0,196.22,27169.8,cf642a79d8d9e8efcebc43b83dd0a139f7a4c383e8f636a8bdd8c2ac662f5492,146,
2025-12-11T16:39:04.853450+00:00,0x123a4499893270C74b01B0a52E8941B38CdC6B89,91,90,0.8526,1.0,160.59,0,e436e9e49fab38f002bf76a73e56f68e07fd08b8d1aa04eeaa057583742537ba,147,
2025-12-11T16:39:05.470994+00:00,0x906424E3bc923585Ab8F5220A406Fb94F34b1616,91,85,0.7681,1.0,183.83,0,3249d5a6c2a2b2a1f39f4157b2175783d4deb97d05695a3515812d13e2bffb66,148,
2025-12-11T16:39:06.094367+00:00,0x32B6B9a0689AbA1839ffba7255490D1087FfFd27,87,90,0.8686,1.0,174.32,0,546493470e5503be25facd6dc0f7175968a18214bfce113799c21f1e075f7a05,149,
2025-12-11T16:39:06.713549+00:00,0x8A08D4c2c3e9EBA2649127E8c2169E98B133F016,91,94,0.9529,1.0,195.5,0,d5883893da7dd688583087ee8976208e1e4cfbbb41bde249a521b347f16a8570,150,
2025-12-11T16:39:07.349870+00:00,0xC0C408D998fD2E5A6b94d6cAdc4CB9A2085b622b,96,88,0.7768,1.0,84.98,0,fd9dd53b7756d403b463cc169666a1cebe338ca46e708725cfab3e8b57ee18d6,151,
2025-12-11T16:39:07.945010+00:00,0xF067F6EC91da3C8eb4F717247116b74a179BBB24,92,83,0.7186,1.0,163.26,0,555ffdc4ecfde6c998c8f72bac01e28a1b25c4125d6b4ec466038ba1158c1770,152,
2025-12-11T16:39:08.506808+00:00,0x9af65fB23d7e85274791b224e32A2E21aDddd6e3,85,90,0.8223,1.0,57.96,0,384b5eff99c0cb76432c1372a8d8b42999c8dd54f7769bbb156543be20915138,153,
2025-12-11T16:39:09.111757+00:00,0x54e7839dc818C465c1BFbde4346756DF408625Ef,98,96,0.9503,1.0,105.76,0,bf30b3f68215b323a728249e06aba24572a4cbd3c6b73b0801a479793d0ff94b,154,
2025-12-11T16:39:09.642055+00:00,0x0e6F310F659C008d4b733E6C9Cb84717bdeb38f9,89,93,0.8546,1.0,25.3,0,11724a15c0f7354273cda5bc7df79f2483442844fa15f23d20cd879c3c66d720,155,
2025-12-11T16:42:04.790083+00:00,0x0Fcc5BdCbe75446d347Ce743bEdA7A73a74015DA,89,91,0.8726,1.0,147.45,27281.8,daae1d514d24acdeac370dabb6f5911bed7ceca0977833f195179032405649d5,156,
2025-12-11T16:42:05.216343+00:00,0x123a4499893270C74b01B0a52E8941B38CdC6B89,90,88,0.7692,1.0,40.65,0,020bb834f71ee47d317c0f1a11045adca2363ce08a16ec1c5031dbcf0cc7c025,157,
2025-12-11T16:42:05.634137+00:00,0x906424E3bc923585Ab8F5220A406Fb94F34b1616,85,88,0.7808,1.0,81.93,0,9d68939f0554587495433828adb3e8f0ae454806a62f9267cdc4fb1e5ec2a35f,158,
2025-12-11T16:42:06.018368+00:00,0x32B6B9a0689AbA1839ffba7255490D1087FfFd27,90,94,0.9445,1.0,178.49,0,1e8c352de80d77528b240fb17ab2cba6e15c3fb36508e4a84cb2b726ca771600,159,
2025-12-11T16:42:06.436341+00:00,0x8A08D4c2c3e9EBA2649127E8c2169E98B133F016,94,97,0.9886,1.0,162.1,0,0de7168d11e108dcc1a3c377a51f2027e1bb1e74fecf23214f8a9bd3c4df3c08,160,
2025-12-11T16:42:06.762434+00:00,0xC0C408D998fD2E5A6b94d6cAdc4CB9A2085b622b,88,90,0.8292,1.0,67.64,0,48a298cb30f6a93711412ba8e0793e06aa629cb2247fa43453479206445d4e72,161,
2025-12-11T16:42:07.107637+00:00,0xF067F6EC91da3C8eb4F717247116b74a179BBB24,83,95,0.9296,1.0,90.63,0,86af1478d98cc64750d75b8d5fefd92e11410beba6076ddc093be4c073a1cd8b,162,
2025-12-11T16:42:07.479889+00:00,0x9af65fB23d7e85274791b224e32A2E21aDddd6e3,90,87,0.7428,1.0,35.56,0,08ee7f34ff089639d1c245c7143be2a70bbbaaaefb78fb5b30111421f770c2ac,163,
2025-12-11T16:42:07.903167+00:00,0x54e7839dc818C465c1BFbde4346756DF408625Ef,96,90,0.874,1.0,191.92,0,a5d89876db9f0820c4d86d9e77099c038138e440dfba7177266cb979c8524a7a,164,
2025-12-11T16:42:08.276147+00:00,0x0e6F310F659C008d4b733E6C9Cb84717bdeb38f9,93,82,0.7018,1.0,178.28,0,0f266aab7494ff6cc46562492b03941e2d67a6dda985b42c523aef71f7821078,165,
2025-12-11T16:42:19.328479+00:00,0x0Fcc5BdCbe75446d347Ce743bEdA7A73a74015DA,91,91,0.8726,1.0,147.45,27561.8,5cf04f1a985441d448a87bbf107c39f820a8d63e8ed73efc21f3fee102c42226,166,
2025-12-11T16:42:19.672910+00:00,0x123a4499893270C74b01B0a52E8941B38CdC6B89,88,88,0.7692,1.0,40.65,0,92624677854cfa7b7bd4eae7999a8c3958a84c421af81ea3faed86b3663d621e,167,
2025-12-11T16:42:20.054774+00:00,0x906424E3bc923585Ab8F5220A406Fb94F34b1616,88,88,0.7808,1.0,81.93,0,399537edb748c289c5adacade63cd1d032e46f1c469fe1ed6818c04cb2aa73b0,168,
2025-12-11T16:42:20.422342+00:00,0x32B6B9a0689AbA1839ffba7255490D1087FfFd27,94,94,0.9445,1.0,178.49,0,0353bf0ad53365d90b2e2d5dc9fce92f9118e4cabbac93d814c77b6ba7890630,169,
2025-12-11T16:42:20.759502+00:00,0x8A08D4c2c3e9EBA2649127E8c2169E98B133F016,97,97,0.9886,1.0,162.1,0,121fe167349e84390fa1b3e5e696bfa69d07875c8df6a6106d4e433364fe9dc6,170,
2025-12-11T16:42:21.143869+00:00,0xC0C408D998fD2E5A6b94d6cAdc4CB9A2085b622b,90,90,0.8292,1.0,67.64,0,628d0a0e926d074060c2f6d188888f9fe38d5ba4cffc7494582f6142ac6ee2df,171,
2025-12-11T16:42:21.530231+00:00,0xF067F6EC91da3C8eb4F717247116b74a179BBB24,95,95,0.9296,1.0,90.63,0,5acf31c4a0b9ebb548184d78a5527df800aabd839f7ea33ec3ca4e50902ace03,172,
2025-12-11T16:42:21.887437+00:00,0x9af65fB23d7e85274791b224e32A2E21aDddd6e3,87,87,0.7428,1.0,35.56,0,ac6f175bd7a8786a349453d2f9832f4f18fd6d9f0adaa7b8756c728bb10cdcc5,173,
2025-12-11T16:42:22.255838+00:00,0x54e7839dc818C465c1BFbde4346756DF408625Ef,90,90,0.874,1.0,191.92,0,de04e0942401920bac3c3809f3e09b1c2ba75f9ce829f0e4b11300ef0b772777,174,
2025-12-11T16:42:22.686624+00:00,0x0e6F310F659C008d4b733E6C9Cb84717bdeb38f9,82,82,0.7018,1.0,178.28,0,121e936e891a47a97d3b449dfe52429252331eae79c6dfba55c6c69877f5582a,175,
2025-12-11T16:42:33.837149+00:00,0x0Fcc5BdCbe75446d347Ce743bEdA7A73a74015DA,91,91,0.8726,1.0,152.44,27505.8,81ba208ed71ac15a885718102be5bf314619fdf8db0cd44a4d25f4ffab38fa7d,176,
2025-12-11T16:42:34.281714+00:00,0x123a4499893270C74b01B0a52E8941B38CdC6B89,88,86,0.7692,1.0,152.72,0,6ad915da21ad5341e45da90a21da1f9674750a32ecc65424574ba2316eb8c506,177,
2025-12-11T16:42:34.746105+00:00,0x906424E3bc923585Ab8F5220A406Fb94F34b1616,88,88,0.7808,1.0,94.67,0,dcdce56685062049d231144510fdb625fe683ed650de1da396a8459596bb7253,178,
2025-12-11T16:42:35.200708+00:00,0x32B6B9a0689AbA1839ffba7255490D1087FfFd27,94,97,0.9445,1.0,45.04,0,e637ac8471d8fc6ae27af74310adbd047e486dd6442a715ac89373905cf52a1a,179,
2025-12-11T16:42:35.574696+00:00,0x8A08D4c2c3e9EBA2649127E8c2169E98B133F016,97,99,0.9886,1.0,53.62,0,74c316627ff5408238284760f0b290300aaa51d8cff3e3f8b5add622a89e1b65,180,
2025-12-11T16:42:35.930033+00:00,0xC0C408D998fD2E5A6b94d6cAdc4CB9A2085b622b,90,90,0.8292,1.0,108.21,0,d13389e0121b01b75f24488dc5de57d28e4b9a9b2974de4b58319023322d4c8e,181,
2025-12-11T16:42:36.327311+00:00,0xF067F6EC91da3C8eb4F717247116b74a179BBB24,95,95,0.9296,1.0,89.36,0,d2b8b50f796ce2e300fabe55186abb95d577c9b1661ba8a52fe2881dd064d9bc,182,
2025-12-11T16:42:36.709481+00:00,0x9af65fB23d7e85274791b224e32A2E21aDddd6e3,87,86,0.7428,1.0,56.38,0,7bfdf04c54aefa32e0ef800af2c61fd14df2be28ee96c2b75cebc946fcfa2fa8,183,
2025-12-11T16:42:37.104125+00:00,0x54e7839dc818C465c1BFbde4346756DF408625Ef,90,92,0.874,1.0,90.11,0,f707fcf0c69d9b0807646ca0fb44c108b58890a94b619bdd6900dab806f8a453,184,
2025-12-11T16:42:37.745980+00:00,0x0e6F310F659C008d4b733E6C9Cb84717bdeb38f9,82,84,0.7018,1.0,53.72,0,1334a7cfdf7c42dcef2050c4b74f5028ac7a725a751ae8741e836df07639acb8,185,
2025-12-11T16:42:49.369094+00:00,0x0Fcc5BdCbe75446d347Ce743bEdA7A73a74015DA,91,91,0.8726,1.0,152.44,27477.8,3e0542de07d31b8d814a2614f52470dc2e20154c51189765c769d123aa4bdadf,186,
2025-12-11T16:42:49.984796+00:00,0x123a4499893270C74b01B0a52E8941B38CdC6B89,86,86,0.7692,1.0,152.72,0,b0f65521dd3aff7b2e978c1686bae75a4c1b4a686fe5b07e363a3cacafed6dfa,187,
2025-12-11T16:42:50.573465+00:00,0x906424E3bc923585Ab8F5220A406Fb94F34b1616,88,88,0.7808,1.0,94.67,0,abc27ea8a2e9e4c86d23693be5b51d298d5d805b3982ad9e1d0ea4712608e301,188,
2025-12-11T16:42:51.150523+00:00,0x32B6B9a0689AbA1839ffba7255490D1087FfFd27,97,97,0.9445,1.0,45.04,0,a4fa30b253ed99c75dbbf7cc2fe801dbc55882c25df42f266a0823b7b3d7d636,189,
2025-12-11T16:42:51.712963+00:00,0x8A08D4c2c3e9EBA2649127E8c2169E98B133F016,99,99,0.9886,1.0,53.62,0,3242d10e74aa1cd54d6befa19ccdf10738cfc51b6eaaa479e03df98732f64c2a,190,
2025-12-11T16:42:52.245874+00:00,0xC0C408D998fD2E5A6b94d6cAdc4CB9A2085b622b,90,90,0.8292,1.0,108.21,0,7bd03bcfe7b117f68fc412134b127994d1fa56c798a65522fcd441415b29773b,191,
2025-12-11T16:42:52.784910+00:00,0xF067F6EC91da3C8eb4F717247116b74a179BBB24,95,95,0.9296,1.0,89.36,0,280ccb6eaf187fd869b761033e53c26a34eed4bb34fa0737d28045e5a9d1f0b6,192,
2025-12-11T16:42:53.349555+00:00,0x9af65fB23d7e85274791b224e32A2E21aDddd6e3,86,86,0.7428,1.0,56.38,0,0ebb569649d6194929600b60ec1a7b172c807bb98806b74953967ed90f78c1bb,193,
2025-12-11T16:42:53.926810+00:00,0x54e7839dc818C465c1BFbde4346756DF408625Ef,92,92,0.874,1.0,90.11,0,80a6871e38d80af62ab7f31e708053ae5c04365deef2f1bffbee9c33cc40a331,194,
2025-12-11T16:42:54.484132+00:00,0x0e6F310F659C008d4b733E6C9Cb84717bdeb38f9,84,84,0.7018,1.0,53.72,0,4a0452c5f5837fb16aa9a2a8d5d0e9f44ee56ebb7d0c12523e72d4560fed231e,195,
2025-12-11T16:43:05.931904+00:00,0x0Fcc5BdCbe75446d347Ce743bEdA7A73a74015DA,91,97,0.9989,1.0,174.37,27393.8,11e3380f6e4ae8fd51542bd88a6b8d255fc397f52b22be5ae3f3d0568c1a9382,196,
2025-12-11T16:43:06.489030+00:00,0x123a4499893270C74b01B0a52E8941B38CdC6B89,86,84,0.7217,1.0,120.03,0,e76d149b87c3f4e081294171c79d6bb0e74a7df62eac1bbe767a8d3f1c8337c1,197,
2025-12-11T16:43:07.007342+00:00,0x906424E3bc923585Ab8F5220A406Fb94F34b1616,88,86,0.7541,1.0,91.74,0,a3e2a1d5355aa9c493dadad193c95cfcb61acb6e8649822ab5ad42d255004f90,198,
2025-12-11T16:43:07.542584+00:00,0x32B6B9a0689AbA1839ffba7255490D1087FfFd27,97,92,0.8407,1.0,33.22,0,6743eee69bcf52dccf515f3cc09822c1ca5be747b3f2f0e8e9b73bc3a11432ed,199,
2025-12-11T16:43:08.078612+00:00,0x8A08D4c2c3e9EBA2649127E8c2169E98B133F016,99,86,0.7536,1.0,92.52,0,a32060e24c76f284e7aff54e53ca2fcbf79b0634b2e9fd2cc1fd17f35e5ab496,200,
2025-12-11T16:43:08.633823+00:00,0xC0C408D998fD2E5A6b94d6cAdc4CB9A2085b622b,90,95,0.9439,1.0,139.82,0,26f369a7cbe14e8a65b8d146a18cb7d9265b77fd287ea49d18dc6654dd5dbff2,201,
2025-12-11T16:43:09.206543+00:00,0xF067F6EC91da3C8eb4F717247116b74a179BBB24,95,89,0.847,1.0,172.08,0,7e1f7c274ad75fe57711530abaff8a1e41dbe61342b8a7b1c4b00538ba3cbc4a,202,
2025-12-11T16:43:09.729246+00:00,0x9af65fB23d7e85274791b224e32A2E21aDddd6e3,86,86,0.7525,1.0,79.48,0,502203ded5c7d6644acbe172c52c939a0794d5b969081a92a07e1c38b92a19b0,203,
2025-12-11T16:43:10.248613+00:00,0x54e7839dc818C465c1BFbde4346756DF408625Ef,92,88,0.8389,1.0,193.33,0,df98c10d4e442fb5ef155ebb16e788c3a361f9baca0945b1573347bf82ced899,204,
2025-12-11T16:43:10.766515+00:00,0x0e6F310F659C008d4b733E6C9Cb84717bdeb38f9,84,86,0.7447,1.0,104.99,0,f6410c9a196b8bd57615a544159fcea4123b3f9e6c5c1b2a95f5444a494d2f58,205,
2025-12-11T16:43:22.259306+00:00,0x0Fcc5BdCbe75446d347Ce743bEdA7A73a74015DA,97,97,0.9989,1.0,174.37,27533.8,d2fa8198529bf6ebecf9f42f3fafb5eee4d4096df88b1400f3243483335d72c8,206,
2025-12-11T16:43:22.792637+00:00,0x123a4499893270C74b01B0a52E8941B38CdC6B89,84,84,0.7217,1.0,120.03,0,e5f825a670381387599a9fd68d36abbec55b04964468b57bdbee60ba0c71248b,207,
2025-12-11T16:43:23.347652+00:00,0x906424E3bc923585Ab8F5220A406Fb94F34b1616,86,86,0.7541,1.0,91.74,0,caf122575b8d27966415c0269befcd299bdb56cdc86d175813d8b2dd220ddfe5,208,
2025-12-11T16:43:23.880729+00:00,0x32B6B9a0689AbA1839ffba7255490D1087FfFd27,92,92,0.8407,1.0,33.22,0,68962b0d8301e44c370e4e580e2bb94763512a2f0c9357c4832426ed1b44b33d,209,
2025-12-11T16:43:24.408850+00:00,0x8A08D4c2c3e9EBA2649127E8c2169E98B133F016,86,86,0.7536,1.0,92.52,0,c960c025013cbe9c2a5d8e82719862ccb37bf132c5d0aa7b05dc1eb291745a9f,210,
2025-12-11T16:43:24.952127+00:00,0xC0C408D998fD2E5A6b94d6cAdc4CB9A2085b622b,95,95,0.9439,1.0,139.82,0,9ed9ede8e3741ac9fc80dc40d17c567b40eac08c1f491758c9e4d66b2d749f6a,211,
2025-12-11T16:43:25.481836+00:00,0xF067F6EC91da3C8eb4F717247116b74a179BBB24,89,89,0.847,1.0,172.08,0,fbf32af26a9f86cc3ca60761e4094615df21e47bb18e0e56830ab791162aa24d,212,
2025-12-11T16:43:26.066727+00:00,0x9af65fB23d7e85274791b224e32A2E21aDddd6e3,86,86,0.7525,1.0,79.48,0,8aa2c5a83d1cd213a034eebb3abf87042dc9c555e47d50d790edc99f7c2a1209,213,
2025-12-11T16:43:26.614990+00:00,0x54e7839dc818C465c1BFbde4346756DF408625Ef,88,88,0.8389,1.0,193.33,0,dbcf72dc82097fa6fe49a0d2a7501fd010acf836cbc08c6573ceb214e9ca72fe,214,
2025-12-11T16:43:27.140799+00:00,0x0e6F310F659C008d4b733E6C9Cb84717bdeb38f9,86,86,0.7447,1.0,104.99,0,530c3ba0f0cddaa55a5267ae59ae479e9143322f9429ab77d1a2f971b8841e05,215,
2025-12-11T16:43:38.049926+00:00,0x0Fcc5BdCbe75446d347Ce743bEdA7A73a74015DA,97,99,0.9989,1.0,84.98,27281.8,6889c0f0dc23fc4b13d393bf6d49882dfb3392c2bc3e78fecbbccb12c408ed80,216,
2025-12-11T16:43:38.453603+00:00,0x123a4499893270C74b01B0a52E8941B38CdC6B89,84,85,0.7217,1.0,87.51,0,5f5581d54cc72f75dd3a6382fcda48bf4d1900e86c2dfa604983e7eb3cb1f10e,217,
2025-12-11T16:43:38.803404+00:00,0x906424E3bc923585Ab8F5220A406Fb94F34b1616,86,86,0.7541,1.0,107.61,0,4e61ac1e836ff5f2cfcce9f95ecc58de898f140b77096c5986f26c599c353aeb,218,
2025-12-11T16:43:39.162304+00:00,0x32B6B9a0689AbA1839ffba7255490D1087FfFd27,92,89,0.8407,1.0,188.18,0,22faf9bed97301f07e7c25bf0885b6bcb13410ed360605b30ff694b138011124,219,
2025-12-11T16:43:39.521749+00:00,0x8A08D4c2c3e9EBA2649127E8c2169E98B133F016,86,85,0.7536,1.0,132.18,0,5d6c20fab056f683e40bcc056873c3403b112c6a22834e30279f02f39c934cca,220,
2025-12-11T16:43:39.876226+00:00,0xC0C408D998fD2E5A6b94d6cAdc4CB9A2085b622b,95,94,0.9439,1.0,155.6,0,994479889eddb3ee850723c5e214f875fc04001968278fdd7cb2c3456aefef8f,221,
2025-12-11T16:43:40.203663+00:00,0xF067F6EC91da3C8eb4F717247116b74a179BBB24,89,91,0.847,1.0,88.81,0,1f826014c99c1c5a793d52259fa4bfacc3070603726a20d85452ffdc674a5511,222,
2025-12-11T16:43:40.536668+00:00,0x9af65fB23d7e85274791b224e32A2E21aDddd6e3,86,85,0.7525,1.0,150.14,0,80061edaeccd8c280f113368dd2cf1b20f1df9d6d2a7c9d3d2cafa72fcc7dc6d,223,
2025-12-11T16:43:40.875022+00:00,0x54e7839dc818C465c1BFbde4346756DF408625Ef,88,89,0.8389,1.0,182.91,0,9605ed5a5d6dd5e398ba761f15e68d55c70dbfc8444865287c43b6531bdab43e,224,
2025-12-11T16:43:41.251334+00:00,0x0e6F310F659C008d4b733E6C9Cb84717bdeb38f9,86,86,0.7447,1.0,94.19,0,4b5b08a6a168e0316917fdf16063b8295c7ad5ab380cb83bf40e61e8dbfcaf80,225,
2025-12-11T16:43:52.141905+00:00,0x0Fcc5BdCbe75446d347Ce743bEdA7A73a74015DA,99,99,0.9989,1.0,84.98,27505.8,8dac046267bd60d13b73de1ca9947ffff946b98be727f020000442788f02d0f4,226,
2025-12-11T16:43:52.464385+00:00,0x123a4499893270C74b01B0a52E8941B38CdC6B89,85,85,0.7217,1.0,87.51,0,5da56f47b02841fdede5735f7e96b01c754a781c5203b06106d4012b3562e8a8,227,
2025-12-11T16:43:52.788980+00:00,0x906424E3bc923585Ab8F5220A406Fb94F34b1616,86,86,0.7541,1.0,107.61,0,661428d1075129203bd8d85015dc805afb9a23b1e619ca0b5ac746c22b1dd856,228,
2025-12-11T16:43:53.142651+00:00,0x32B6B9a0689AbA1839ffba7255490D1087FfFd27,89,89,0.8407,1.0,188.18,0,dbdfa4f800bb0ea9707c61aa835a78ee01ad7b2a943b438c0c8762a8c42d17f6,229,
2025-12-11T16:43:53.513095+00:00,0x8A08D4c2c3e9EBA2649127E8c2169E98B133F016,85,85,0.7536,1.0,132.18,0,75d744e6017690184d8d9450bb5152dd385facd78e1a906b15412c687db709b4,230,
2025-12-11T16:43:53.829568+00:00,0xC0C408D998fD2E5A6b94d6cAdc4CB9A2085b622b,94,94,0.9439,1.0,155.6,0,0cbac433281dd7004309e18d0eab5ceb78d27e9c22bed0d143debcf96bf7529a,231,
2025-12-11T16:43:54.150774+00:00,0xF067F6EC91da3C8eb4F717247116b74a179BBB24,91,91,0.847,1.0,88.81,0,e49ca0c0510016155ab3e791857c6ef171bf6cfd2839c050947d89ec760b90f4,232,
2025-12-11T16:43:54.543551+00:00,0x9af65fB23d7e85274791b224e32A2E21aDddd6e3,85,85,0.7525,1.0,150.14,0,f0b81f489854a83cd44d0e9306cc6b92fc872ce3d722392e2af3732258c59bbd,233,
2025-12-11T16:43:54.889258+00:00,0x54e7839dc818C465c1BFbde4346756DF408625Ef,89,89,0.8389,1.0,182.91,0,6d3ad4958851f64e99c684bc601715363c2ef50c9be86b253df7045e560757eb,234,
2025-12-11T16:43:55.223036+00:00,0x0e6F310F659C008d4b733E6C9Cb84717bdeb38f9,86,86,0.7447,1.0,94.19,0,a4b5eed6d6d7572114a4e46c8948c51e80f2f9079e228e4c0382ad41bcaaae45,235,
2025-12-11T16:44:06.072725+00:00,0x0Fcc5BdCbe75446d347Ce743bEdA7A73a74015DA,99,90,0.8232,1.0,91.43,27281.8,d1e8bd872be8c60919888bc17e88e570fd98810171682bca67797ea811a4f6ad,236,
2025-12-11T16:44:06.403405+00:00,0x123a4499893270C74b01B0a52E8941B38CdC6B89,85,87,0.7635,1.0,84.74,0,353640775f80d0a8c4f19249e6fc713eb0577578c4541e92d593eec985ef6c25,237,
2025-12-11T16:44:06.752418+00:00,0x906424E3bc923585Ab8F5220A406Fb94F34b1616,86,89,0.835,1.0,162.62,0,e2fe33bc1ce5ee497dbcd272d5f71f242459af85f446fb8b770ef4eab14606b9,238,
2025-12-11T16:44:07.112296+00:00,0x32B6B9a0689AbA1839ffba7255490D1087FfFd27,89,85,0.7469,1.0,116.77,0,254e2bd3ffa49b7acae5e1f67d3178546a1b47d87cc2a328bf0a51376bfcda5b,239,
2025-12-11T16:44:07.465841+00:00,0x8A08D4c2c3e9EBA2649127E8c2169E98B133F016,85,97,0.9942,1.0,148.31,0,1b77c76877a75c0b988913d7f1e55f3dba05369e5f279d286b0fd2d994420e0d,240,
2025-12-11T16:44:07.809960+00:00,0xC0C408D998fD2E5A6b94d6cAdc4CB9A2085b622b,94,91,0.8405,1.0,56.33,0,0eeb40e373172dba0dc6ae7dac2b66d420fc91bf3c15f2d8291cd16f0d8dd2d9,241,
2025-12-11T16:44:08.159807+00:00,0xF067F6EC91da3C8eb4F717247116b74a179BBB24,91,90,0.8097,1.0,41.99,0,1290a87cb68b2e435921b941bee8e4a119b4e8c552897bdc1ab1978430aca9bb,242,
2025-12-11T16:44:08.500238+00:00,0x9af65fB23d7e85274791b224e32A2E21aDddd6e3,85,87,0.8006,1.0,189.16,0,e5d6949bbaa59de34d07612e650e930333e16aae15cf0442788e624adeb083b9,243,
2025-12-11T16:44:08.845469+00:00,0x54e7839dc818C465c1BFbde4346756DF408625Ef,89,91,0.8202,1.0,25.3,0,397e3b50526a8e9a31a0fb4b1115663dd34f27e2713f46ff8973098564faabf6,244,
2025-12-11T16:44:09.190484+00:00,0x0e6F310F659C008d4b733E6C9Cb84717bdeb38f9,86,91,0.8673,1.0,136.11,0,dcf32754d5e2f507b24b9f7e89ae46fa34751b141c8a997b5aebd00df9009f07,245,
2025-12-11T16:44:20.054768+00:00,0x0Fcc5BdCbe75446d347Ce743bEdA7A73a74015DA,90,90,0.8232,1.0,91.43,27561.8,317b50285c5b0d32342c998a1c34898c720bd29c685a667bf7c8ce2d4bb75fa5,246,
2025-12-11T16:44:20.484716+00:00,0x123a4499893270C74b01B0a52E8941B38CdC6B89,87,87,0.7635,1.0,84.74,0,ce41cf0670898b38aad125119ed106d471a3d81b5afae3c2c5a156c2559a9565,247,
2025-12-11T16:44:20.878268+00:00,0x906424E3bc923585Ab8F5220A406Fb94F34b1616,89,89,0.835,1.0,162.62,0,a41d41e31f59c0cb568059ae90e8cf5cef65635cdeaae4b78ac0fdb492a4e480,248,
2025-12-11T16:44:21.260379+00:00,0x32B6B9a0689AbA1839ffba7255490D1087FfFd27,85,85,0.7469,1.0,116.77,0,48371952ea859fe271837f1fd948a268783667631e0bd809ad4d7079e29aa316,249,
2025-12-11T16:44:21.667629+00:00,0x8A08D4c2c3e9EBA2649127E8c2169E98B133F016,97,97,0.9942,1.0,148.31,0,f269f080331b35d6c31f74a6975a8c6f3cc673e6ea25fa3a7ae8b82fd304b049,250,
2025-12-11T16:44:22.054228+00:00,0xC0C408D998fD2E5A6b94d6cAdc4CB9A2085b622b,91,91,0.8405,1.0,56.33,0,e82ba993b00c61a0ad82680f646500ad35720662a0a6b81400504b192509aba4,251,
2025-12-11T16:44:22.420096+00:00,0xF067F6EC91da3C8eb4F717247116b74a179BBB24,90,90,0.8097,1.0,41.99,0,29a3fd6da8cdfe14fb48e59b31c8722ef8160cb6cecb7dc384bf60f4c2aef4f7,252,
2025-12-11T16:44:22.787742+00:00,0x9af65fB23d7e85274791b224e32A2E21aDddd6e3,87,87,0.8006,1.0,189.16,0,7c1983cb110cb8418944be88c3d2e587eff5456afd8f9fa785770b456a3afc26,253,
2025-12-11T16:44:23.154723+00:00,0x54e7839dc818C465c1BFbde4346756DF408625Ef,91,91,0.8202,1.0,25.3,0,1abd16c146d7dfd0eed1042b3e231f3b7cf43160f02dcc9199bed4bd43c18cdf,254,
2025-12-11T16:44:23.538125+00:00,0x0e6F310F659C008d4b733E6C9Cb84717bdeb38f9,91,91,0.8673,1.0,136.11,0,81f1cb09cb902ccdde78cd29d0cfaba2510938af2d48a02fa07288b0b4f1a667,255,
2025-12-12T15:12:04.140361+00:00,0x0Fcc5BdCbe75446d347Ce743bEdA7A73a74015DA,75,93,0.9119,1.0,140.99,29388.35,4270207048867077b58624295ec0d3885e55f4cb68c9cae5f7514fd902268fcc,258,
2025-12-12T15:12:04.578944+00:00,0x123a4499893270C74b01B0a52E8941B38CdC6B89,0,89,0.8112,1.0,103.69,0,6af3f3c1efee1199b6a1ffe35f633f5985d70254ec1b8e412a2bcfbccfc8c145,259,
2025-12-12T15:12:04.991043+00:00,0x906424E3bc923585Ab8F5220A406Fb94F34b1616,0,90,0.8097,1.0,35.55,0,b7bf7946f55027dff526c9d655fa2667217a3e97230ca2ce1d0a691f9fc77727,260,
2025-12-12T15:12:05.416964+00:00,0x32B6B9a0689AbA1839ffba7255490D1087FfFd27,0,96,0.9874,1.0,183.35,0,690357f7bf86fe57aab72c55c1e6e3619ca11b438000ffde99767e569833a836,261,
2025-12-12T15:12:05.820751+00:00,0x8A08D4c2c3e9EBA2649127E8c2169E98B133F016,0,96,0.9921,1.0,195.08,0,f07dd35aad6dc2ab434cdba3b16cc86446f25350e98281d9b81c14d58cfa4965,262,
2025-12-12T15:12:06.220167+00:00,0xC0C408D998fD2E5A6b94d6cAdc4CB9A2085b622b,0,84,0.7154,1.0,116.66,0,d4fab864c5b4fb36dc29eea57f42c06013fe50dd64461f0241c8dc0aadd7751a,263,
2025-12-12T15:12:06.613025+00:00,0xF067F6EC91da3C8eb4F717247116b74a179BBB24,0,88,0.8049,1.0,123.55,0,eb7a41dc985381065a57a172bd5f44036cb065596da37cbd2715a6f95ccd5e9e,264,
2025-12-12T15:12:07.033782+00:00,0x9af65fB23d7e85274791b224e32A2E21aDddd6e3,0,87,0.8154,1.0,183.86,0,d09fa2b7fa3c82e55a87d6bddb55b06835357d7cf0733c7fbfe1af2a2fa64755,265,
2025-12-12T15:12:07.434604+00:00,0x54e7839dc818C465c1BFbde4346756DF408625Ef,0,97,0.9689,1.0,73.37,0,d3040b305c5aca307e71a895f9fb9c34d73c24d7213eedc5e4c620f852250082,266,
2025-12-12T15:12:07.826447+00:00,0x0e6F310F659C008d4b733E6C9Cb84717bdeb38f9,0,90,0.8268,1.0,72.12,0,06d1ea91df2ca8eb2c1384b98d321e9b94ff33e54a98591eb5f5e6c039ee569f,267,
2025-12-12T15:12:18.855560+00:00,0x0Fcc5BdCbe75446d347Ce743bEdA7A73a74015DA,93,93,0.9119,1.0,140.99,30983.35,1a2e7e45d867b6a9ef02ad69858ab0e0ecdfba91037a5e92eb1a974d9d2d4b4d,268,
2025-12-12T15:12:19.275737+00:00,0x123a4499893270C74b01B0a52E8941B38CdC6B89,89,89,0.8112,1.0,103.69,0,56f863a14acfdc274e5c02a2e99ff3a600bde800eae9d8149f3ccf3f8d16c02f,269,
2025-12-12T15:12:19.685796+00:00,0x906424E3bc923585Ab8F5220A406Fb94F34b1616,90,90,0.8097,1.0,35.55,0,a35e0ebdc92bbe0f8f53c5cde6ce931691bbf4c3c552a097a388f56ee18b2381,270,
2025-12-12T15:12:20.121905+00:00,0x32B6B9a0689AbA1839ffba7255490D1087FfFd27,96,96,0.9874,1.0,183.35,0,9caeee05b8650ad35297ffa224677d9a74316ed8099492b6d21f60f2e68b0d0a,271,
2025-12-12T15:12:20.511560+00:00,0x8A08D4c2c3e9EBA2649127E8c2169E98B133F016,96,96,0.9921,1.0,195.08,0,5bc57f178defcb16c01f20a3bdc41a1880fa810f031eb1fe4f08ea8747d50c74,272,
2025-12-12T15:12:20.880672+00:00,0xC0C408D998fD2E5A6b94d6cAdc4CB9A2085b622b,84,84,0.7154,1.0,116.66,0,62b380430392a7a5f9a7d2c6ca713cf59ccce4930dacfb18fa05f5576c4f77ef,273,
2025-12-12T15:12:21.292508+00:00,0xF067F6EC91da3C8eb4F717247116b74a179BBB24,88,88,0.8049,1.0,123.55,0,8b50a80e1e470148f5398f448e256602af49b718acd8540aff1013643da22214,274,
2025-12-12T15:12:21.661981+00:00,0x9af65fB23d7e85274791b224e32A2E21aDddd6e3,87,87,0.8154,1.0,183.86,0,2a7f62bb39d734d016ee0832209e60a5763d0b1c9e7886693d8d0fea3af80507,275,
2025-12-12T15:12:22.042636+00:00,0x54e7839dc818C465c1BFbde4346756DF408625Ef,97,97,0.9689,1.0,73.37,0,5da5fcaab64a1c3befbf04e54b70eaa7a3c646cb479cbb45aa9c66d5bb86b77a,276,
2025-12-12T15:12:22.440496+00:00,0x0e6F310F659C008d4b733E6C9Cb84717bdeb38f9,90,90,0.8268,1.0,72.12,0,294599284d6304af1b6fee9f0c59ed01a149e7f0a8a0cab5ef0e78adb16025aa,277,
2025-12-12T15:12:33.356062+00:00,0x0Fcc5BdCbe75446d347Ce743bEdA7A73a74015DA,93,94,0.9119,1.0,87.67,30955.35,c61e51c5b10e53fc28e81ce45d99fff85ef2c652b0e266ffd4cc0837503b392b,278,
2025-12-12T15:12:33.739691+00:00,0x123a4499893270C74b01B0a52E8941B38CdC6B89,89,89,0.8112,1.0,117.89,0,8c8599827837aec05c14c2b61f2d10bf84a266063bc5f5b6d304a3d6cdb36bc7,279,
2025-12-12T15:12:34.106126+00:00,0x906424E3bc923585Ab8F5220A406Fb94F34b1616,90,87,0.8097,1.0,176.34,0,d36e71a9439f2880653f31dcae361025662d2ede0d46fcbb0c3e993c5f09d812,280,
2025-12-12T15:12:34.487765+00:00,0x32B6B9a0689AbA1839ffba7255490D1087FfFd27,96,96,0.9874,1.0,163.93,0,adc82783b4685e4224dd3e2502fb3af589bd8bf9153ad09421fa941c3ca6ad4f,281,
2025-12-12T15:12:34.827336+00:00,0x8A08D4c2c3e9EBA2649127E8c2169E98B133F016,96,98,0.9921,1.0,79.36,0,5db1579bd8e3e0f56bb5d77bce0e08fd55c7939947c5d23b9ae4fe9bd58fb646,282,
2025-12-12T15:12:35.159531+00:00,0xC0C408D998fD2E5A6b94d6cAdc4CB9A2085b622b,84,85,0.7154,1.0,40.36,0,81f28647f7e1ebe474278e05c16f3fdb95d23b619fd205e825511edbf9a8b0ac,283,
2025-12-12T15:12:35.570523+00:00,0xF067F6EC91da3C8eb4F717247116b74a179BBB24,88,88,0.8049,1.0,119.74,0,bfa4fe14f2849f974aaf85334512a0046e16cc57aa500a3e2c9a699033ad80ee,284,
2025-12-12T15:12:35.930336+00:00,0x9af65fB23d7e85274791b224e32A2E21aDddd6e3,87,90,0.8154,1.0,47.39,0,42a70fb1a5f89cd051c27cebaa91d8eb8e9b73e39398799f8838c2c1e7bf79cd,285,
2025-12-12T15:12:36.272394+00:00,0x54e7839dc818C465c1BFbde4346756DF408625Ef,97,96,0.9689,1.0,115.79,0,0a3e814f523817bf4f63e9161e57d7d204ebcfc1feb75230fbc4e6a47bcf53eb,286,
2025-12-12T15:12:36.613531+00:00,0x0e6F310F659C008d4b733E6C9Cb84717bdeb38f9,90,89,0.8268,1.0,157.07,0,edddd099db68d0ddfd4057bf743cda8dff11c774326d920f2883f0226448f2d9,287,
2025-12-13T06:28:26.764826+00:00,0x0Fcc5BdCbe75446d347Ce743bEdA7A73a74015DA,75,98,0.9684,1.0,57.02,29873.37,33e8807c3f9e9c59bac2990126be272f0018a8efe2e2fce8f24f0fdb46ee051f,307,
2025-12-13T06:28:27.182670+00:00,0x123a4499893270C74b01B0a52E8941B38CdC6B89,89,91,0.8835,1.0,179.05,0,5afca9abbd05ea60f8869946bd54946a87405125627d955425c2f8a7422893c8,308,
2025-12-13T06:28:27.544072+00:00,0x906424E3bc923585Ab8F5220A406Fb94F34b1616,87,93,0.8701,1.0,25.42,0,e06dbc1794dd35ad699ef500ca86b2f6b6d91eb533c7205472affcb090eb384c,309,
2025-12-13T06:28:27.932081+00:00,0x32B6B9a0689AbA1839ffba7255490D1087FfFd27,96,84,0.7474,1.0,166.46,0,469acdb846ef0f84b0605c19139f7cdd2f36f7ea1a7cb12ea74ae3a0c2faa210,310,
2025-12-13T06:28:28.325292+00:00,0x8A08D4c2c3e9EBA2649127E8c2169E98B133F016,98,93,0.8805,1.0,75.18,0,5e0c68477d53f2320dff30968ad31c842bc1b8a23a40d579774f700a27784c92,311,
2025-12-13T06:28:28.671192+00:00,0xC0C408D998fD2E5A6b94d6cAdc4CB9A2085b622b,85,90,0.8713,1.0,175.63,0,059f43c4e8cca3743bedc1ad008af1d7547c3e0f359fcfbf9f5f9fa4f16a7bd1,312,
2025-12-13T06:28:29.060617+00:00,0xF067F6EC91da3C8eb4F717247116b74a179BBB24,88,96,0.9665,1.0,157.53,0,9a8cbde4ae0481e796dbb576ac10d976f09d1c218d098bae297ea392ece6a5ef,313,
2025-12-13T06:28:29.412763+00:00,0x9af65fB23d7e85274791b224e32A2E21aDddd6e3,90,88,0.8358,1.0,194.1,0,ecd778bbd6a1153e29f21cd4332c6cb589ac9c2b18e23af0cd32a00ea286f3a2,314,
2025-12-13T06:28:29.768006+00:00,0x54e7839dc818C465c1BFbde4346756DF408625Ef,96,88,0.7951,1.0,125.94,0,2c9dc48efebcc77e8f5d7f30d48c7a26ba2d3696bdd608767bcadaf4cc0331a7,315,
2025-12-13T06:28:30.102821+00:00,0x0e6F310F659C008d4b733E6C9Cb84717bdeb38f9,89,83,0.7143,1.0,155.01,0,a72b3162333c9bf96380c94cfaa21b365af5ba939cb8cb4ce4156ed07ac10e38,316,
2025-12-13T06:28:40.955889+00:00,0x0Fcc5BdCbe75446d347Ce743bEdA7A73a74015DA,98,96,0.9684,1.0,129.77,30125.37,10e9c5747aa9f4e252978068acbda30e9eb3a4a01a654a57ceb0045bdd90e9af,317,
2025-12-13T06:28:41.304081+00:00,0x123a4499893270C74b01B0a52E8941B38CdC6B89,91,93,0.8835,1.0,92.97,0,89adc870a86c5a9d1094dca40d5c829e99828243c17539a2cd8466e769c1313f,318,
2025-12-13T06:28:41.646308+00:00,0x906424E3bc923585Ab8F5220A406Fb94F34b1616,93,91,0.8701,1.0,143.53,0,0118d7e27f59a6f4b9b796281a8d575951c2c3d2c78bf01321f0bd98802760a8,319,
2025-12-13T06:28:42.013992+00:00,0x32B6B9a0689AbA1839ffba7255490D1087FfFd27,84,86,0.7474,1.0,92.78,0,c71719f4cf6d05e2b596bb7302a583fcbaf54e3560e0d7a27715c44814b18a68,320,
2025-12-13T06:28:42.367634+00:00,0x8A08D4c2c3e9EBA2649127E8c2169E98B133F016,93,93,0.8805,1.0,51.66,0,aa9c9c3de10bc06494f0e11f11204dea1775e0af7cc714c6991c24b7ea0821cb,321,
2025-12-13T06:28:42.720628+00:00,0xC0C408D998fD2E5A6b94d6cAdc4CB9A2085b622b,90,90,0.8713,1.0,198.96,0,a9eb3ec6f2bc7785a5837b35f835fd5e302655b127eb6cc490d7091594a28520,322,
2025-12-13T06:28:43.153592+00:00,0xF067F6EC91da3C8eb4F717247116b74a179BBB24,96,96,0.9665,1.0,148.51,0,542e83160d9ab9fcba2f8094372afc52b3ac629c5ab74397fa861c3f27ce23e4,323,
2025-12-13T06:28:43.527089+00:00,0x9af65fB23d7e85274791b224e32A2E21aDddd6e3,88,91,0.8358,1.0,38.06,0,d7b2fae305bb7f5d4c61cd860a34c198e4d9db96a9329ce11ff58f91b3c95929,324,
2025-12-13T06:28:43.918702+00:00,0x54e7839dc818C465c1BFbde4346756DF408625Ef,88,88,0.7951,1.0,112.6,0,7c988491cc60a00bcd614932972751ae09c655bd2aa1b5bc67d14c8c7b41171a,325,
2025-12-13T06:28:44.356119+00:00,0x0e6F310F659C008d4b733E6C9Cb84717bdeb38f9,83,83,0.7143,1.0,155.01,0,e0fe87518c44fceec7ea543b0f3ba43cad8e99336ad52b1ce34c3f51e297e22c,326,
2025-12-13T06:28:55.314111+00:00,0x0Fcc5BdCbe75446d347Ce743bEdA7A73a74015DA,96,96,0.9684,1.0,129.77,30069.37,db2cbd465afc02e08469c494634f7bfaa35269acb9e20ca93f87eb5ef6e93eb1,327,
2025-12-13T06:28:55.680529+00:00,0x123a4499893270C74b01B0a52E8941B38CdC6B89,93,93,0.8835,1.0,92.97,0,c91529f881224baef9706fac484b8101a6526c2be099ac2ecb4235af50fc005a,328,
2025-12-13T06:28:56.031283+00:00,0x906424E3bc923585Ab8F5220A406Fb94F34b1616,91,91,0.8701,1.0,143.53,0,6d63c497a66d76c531a3cbc3ab5cc768210c68bf51ec78ab4c4570d4c81c547c,329,
2025-12-13T06:28:56.405749+00:00,0x32B6B9a0689AbA1839ffba7255490D1087FfFd27,86,86,0.7474,1.0,92.78,0,ab0431ef74c78da3fbbf2d8dc46d5c0ab2633b88a17ce02dfce5f809f8c5906d,330,
2025-12-13T06:28:56.754697+00:00,0x8A08D4c2c3e9EBA2649127E8c2169E98B133F016,93,93,0.8805,1.0,51.66,0,2edc66784c1f86f214b3d4f2976f7a80bcaa760e2c256c5d9b2edd473487c214,331,
2025-12-13T06:28:57.107465+00:00,0xC0C408D998fD2E5A6b94d6cAdc4CB9A2085b622b,90,90,0.8713,1.0,198.96,0,0bbf792a1c02d7a9701362a89da2802b97ae2669cfc9cf31d485cd1e6052483b,332,
2025-12-13T06:28:57.435567+00:00,0xF067F6EC91da3C8eb4F717247116b74a179BBB24,96,96,0.9665,1.0,148.51,0,85aaeb832d47b295b325d8923b9afd52a9650393aea21d87fcb0253332a8daea,333,
2025-12-13T06:28:57.798663+00:00,0x9af65fB23d7e85274791b224e32A2E21aDddd6e3,91,91,0.8358,1.0,38.06,0,61ba25b3dd1d821d51d5f4320901146db3b7e0a6f19fd4181bfdcbcdc1fdc9a4,334,
2025-12-13T06:28:58.133749+00:00,0x54e7839dc818C465c1BFbde4346756DF408625Ef,88,88,0.7951,1.0,112.6,0,131f0e0bd842f425f8b8bdde7b6969eca5817919642fa1a524981f38bef0e48e,335,
2025-12-13T06:28:58.468165+00:00,0x0e6F310F659C008d4b733E6C9Cb84717bdeb38f9,83,83,0.7143,1.0,155.01,0,a3fb6e4b1f02b4c46115e6abbeeee9f8b8e4746c5bd3b7e06833bd8eacf065fe,336,
2025-12-13T06:29:09.368449+00:00,0x0Fcc5BdCbe75446d347Ce743bEdA7A73a74015DA,96,85,0.7196,1.0,46.41,30041.37,3cee6b16b23168d28af8dc45db1668e716814baa5e1cb667ebb34e4d7f6fbe0e,337,
2025-12-13T06:29:09.721591+00:00,0x123a4499893270C74b01B0a52E8941B38CdC6B89,93,84,0.7422,1.0,171.78,0,73c67ce7b68635ed9b51a8556a2af65fb4a900a87813efe8b35b8ec40655e3a3,338,
2025-12-13T06:29:10.086592+00:00,0x906424E3bc923585Ab8F5220A406Fb94F34b1616,91,86,0.787,1.0,197.95,0,602ba8cf1939431034916fcd5b255e3a0beec24b9b2d2b93a73552c9de9d6f43,339,
2025-12-13T06:29:10.415384+00:00,0x32B6B9a0689AbA1839ffba7255490D1087FfFd27,86,90,0.8143,1.0,44.16,0,940c6610b73fafde7a5c4299585a2d5bbcecd9ddb3c008226df082eab19177cc,340,
2025-12-13T06:29:10.767287+00:00,0x8A08D4c2c3e9EBA2649127E8c2169E98B133F016,93,97,0.9712,1.0,120.44,0,f36c6745f7cc0d13e78614a4d0b08040c700ac4eff5287494bba341ea685da7d,341,
2025-12-13T06:29:11.145589+00:00,0xC0C408D998fD2E5A6b94d6cAdc4CB9A2085b622b,90,94,0.8952,1.0,47.4,0,4cc3c1e0500a1bd9e3c358629ba75581282bff974d8dd0d042d75591e321f200,342,
2025-12-13T06:29:11.482640+00:00,0xF067F6EC91da3C8eb4F717247116b74a179BBB24,96,94,0.9037,1.0,69.93,0,f026da1b0f0dd32dcc6644e45f8299dbc30c4250c1e734096424ff5ddbb43da0,343,
2025-12-13T06:29:11.852188+00:00,0x9af65fB23d7e85274791b224e32A2E21aDddd6e3,91,88,0.7844,1.0,58.96,0,7043f6d1311b120f5d69cdaa7ae22e7a4193819cc9972d0687252ff5d9b3ec90,344,
2025-12-13T06:29:12.197587+00:00,0x54e7839dc818C465c1BFbde4346756DF408625Ef,88,94,0.9168,1.0,129.28,0,0bcdfaf09f4b2b54076702f34c42f85153a2c6c1d169de59819f4e4b44d04927,345,
2025-12-13T06:29:12.517059+00:00,0x0e6F310F659C008d4b733E6C9Cb84717bdeb38f9,83,93,0.9041,1.0,116.64,0,3d5490426ae3f37b2a96f3f41889b1bd2c54ae6fb4dd4fa9f2b4b28f3fc74288,346,
2025-12-13T06:29:23.363155+00:00,0x0Fcc5BdCbe75446d347Ce743bEdA7A73a74015DA,85,85,0.7196,1.0,46.41,30069.37,44189e572d52886f9b772c370af12c942e787ec0ab2001722660491ecddfdc23,347,
2025-12-13T06:29:23.706243+00:00,0x123a4499893270C74b01B0a52E8941B38CdC6B89,84,84,0.7422,1.0,171.78,0,9e18ae236027455a5d79aed9831ce8be53ef1aab3fcc289d9e7478b5070dd572,348,
2025-12-13T06:29:24.057907+00:00,0x906424E3bc923585Ab8F5220A406Fb94F34b1616,86,86,0.787,1.0,197.95,0,5077aef68053284b8f9cc1aa02e6ffd088f45a302d06e50cd826dffe6fc039e8,349,
2025-12-13T06:29:24.394371+00:00,0x32B6B9a0689AbA1839ffba7255490D1087FfFd27,90,90,0.8143,1.0,44.16,0,0dacf59a302783bf230c003ab92e8d53d399110b7b2916b6a07f1c6d64b3f74a,350,
2025-12-13T06:29:24.722687+00:00,0x8A08D4c2c3e9EBA2649127E8c2169E98B133F016,97,97,0.9712,1.0,120.44,0,b5699157bbec20c8d7750d62b01420d36cd9cbf62ca0ea02eb41c061380b9c42,351,
2025-12-13T06:29:25.051374+00:00,0xC0C408D998fD2E5A6b94d6cAdc4CB9A2085b622b,94,94,0.8952,1.0,47.4,0,8925fb40c7db93b744ac4e7dfb109eaacca64ad7413bacb850ef39cb959a0cb2,352,
2025-12-13T06:29:25.387463+00:00,0xF067F6EC91da3C8eb4F717247116b74a179BBB24,94,94,0.9037,1.0,69.93,0,44849e26102a09107de2627cc2a15688ca3b47239c11049f58ed420eb88908a1,353,
2025-12-13T06:29:25.712432+00:00,0x9af65fB23d7e85274791b224e32A2E21aDddd6e3,88,88,0.7844,1.0,58.96,0,de60089fc28d460c956fbf2b1ba278165a66922cee695d3b3da67e029c17461d,354,
2025-12-13T06:29:26.053268+00:00,0x54e7839dc818C465c1BFbde4346756DF408625Ef,94,94,0.9168,1.0,129.28,0,2f3af8641af979ab361a6a40a9575aea26da502da42d76c004719bace715ac57,355,
2025-12-13T06:29:26.436055+00:00,0x0e6F310F659C008d4b733E6C9Cb84717bdeb38f9,93,93,0.9041,1.0,116.64,0,6ab8ad975cf38add7538d4c4658c39b210b8c799ea7ee0995a7a55324fe13c0d,356,
2025-12-13T06:29:37.255820+00:00,0x0Fcc5BdCbe75446d347Ce743bEdA7A73a74015DA,85,83,0.7196,1.0,143.64,28105.82,9de4933258f61ef20f4fd6c233c3a119926462faa7655eaab4411ed30c8021fe,357,
2025-12-13T06:29:37.619198+00:00,0x123a4499893270C74b01B0a52E8941B38CdC6B89,84,86,0.7422,1.0,71.45,0,107a4f4473363d10c2c008804438a34df6f0992926d39b6cd220ad1cadd480a6,358,
2025-12-13T06:29:37.973178+00:00,0x906424E3bc923585Ab8F5220A406Fb94F34b1616,86,89,0.787,1.0,39.98,0,134dce7d5ace5df8a09a696897d4beab04042bcf2b89ca8bdffb43f34af5b785,359,
2025-12-13T06:29:38.333942+00:00,0x32B6B9a0689AbA1839ffba7255490D1087FfFd27,90,88,0.8143,1.0,145.74,0,262914562c8ae097172bda1295fb292d2522ade872472ee41e76bd043a1a086c,360,
2025-12-13T06:29:38.718631+00:00,0x8A08D4c2c3e9EBA2649127E8c2169E98B133F016,97,96,0.9712,1.0,155.32,0,75a8e2a44d487abf84c3bcc63200828521f9b39f13ae6603bd5443a269369a30,361,
2025-12-13T06:29:39.073761+00:00,0xC0C408D998fD2E5A6b94d6cAdc4CB9A2085b622b,94,92,0.8952,1.0,139.96,0,158e1cf5ac54ffc61b6608321f81a7031fb8ca81ba7a43fefc5e544e0c2b798c,362,
2025-12-13T06:29:39.444124+00:00,0xF067F6EC91da3C8eb4F717247116b74a179BBB24,94,94,0.9037,1.0,71.83,0,b45e6a21c02572e0f99a105e4615ba7d0105158f67f7ecaad532171dae2f8934,363,
2025-12-13T06:29:39.751399+00:00,0x9af65fB23d7e85274791b224e32A2E21aDddd6e3,88,86,0.7844,1.0,165.0,0,119ebce4a53bb4e48cd33abad16cc0156b8ed1bcc8acdf93e2db4386309286ae,364,
2025-12-13T06:29:40.133710+00:00,0x54e7839dc818C465c1BFbde4346756DF408625Ef,94,93,0.9168,1.0,183.66,0,96d8239085573f10ceef8ec11678e4f1de75eb1e5fcf2f575c701e7b74e5df80,365,
2025-12-13T06:29:40.488098+00:00,0x0e6F310F659C008d4b733E6C9Cb84717bdeb38f9,93,93,0.9041,1.0,151.1,0,f7debbc57f225d0b20a50afc37b1ef4d3ec3ffa3a0bc5ae1e5294c3fa782909d,366,
2025-12-13T06:29:51.440479+00:00,0x0Fcc5BdCbe75446d347Ce743bEdA7A73a74015DA,83,83,0.7196,1.0,143.64,26510.7,93a98c5dba420c1689f213631a3af971cac3ca891169d9b0a4d66cd9634e13a3,367,
2025-12-13T06:29:51.773912+00:00,0x123a4499893270C74b01B0a52E8941B38CdC6B89,86,86,0.7422,1.0,71.45,0,3c61f35b3325c7101466687207471552e6c68ba384d76836b13273836be8ed4e,368,
2025-12-13T06:29:52.147725+00:00,0x906424E3bc923585Ab8F5220A406Fb94F34b1616,89,89,0.787,1.0,39.98,0,61b1bfab0eaa0e1b8d45a814b3e483380e38d6cbf1415c7cd5b07836dbd0a3ec,369,
2025-12-13T06:29:52.527293+00:00,0x32B6B9a0689AbA1839ffba7255490D1087FfFd27,88,88,0.8143,1.0,145.74,0,bb25cd77b40e827019e4e4a252cffe81e66f3b24eff4661b64018cf7d1d50cf4,370,
2025-12-13T06:29:52.890681+00:00,0x8A08D4c2c3e9EBA2649127E8c2169E98B133F016,96,96,0.9712,1.0,155.32,0,0e3cc4272b9ed4ca815d0f21133397ae53cf082b9e560a756ccf6331d053a505,371,
2025-12-13T06:29:53.254209+00:00,0xC0C408D998fD2E5A6b94d6cAdc4CB9A2085b622b,92,92,0.8952,1.0,139.96,0,9fc489c1036a058e895cedf4f04b7d63a9477447a7e0b3d7ba96a752ac0de694,372,
2025-12-13T06:29:53.593515+00:00,0xF067F6EC91da3C8eb4F717247116b74a179BBB24,94,94,0.9037,1.0,71.83,0,e28ed8887a454969cf019a8ec15c7fb175c8349a4b844c1e3179ef5f1770fd2a,373,
2025-12-13T06:29:53.976797+00:00,0x9af65fB23d7e85274791b224e32A2E21aDddd6e3,86,86,0.7844,1.0,165.0,0,f446eb95629babc82aef2ffd1fb275f4fb55a4b8f05b1f2cafa4eb82e07b81de,374,
2025-12-13T06:29:54.323749+00:00,0x54e7839dc818C465c1BFbde4346756DF408625Ef,93,93,0.9168,1.0,183.66,0,3e27787f17f9bf82731ecb0db48a3420c9deda52bb347bb894f071c51b6458ca,375,
2025-12-13T06:29:54.701543+00:00,0x0e6F310F659C008d4b733E6C9Cb84717bdeb38f9,93,93,0.9041,1.0,151.1,0,47508fed96b9c286f24997ad102558ceb5e402838ff54ace9ce9ee320972ff28,376,
2025-12-13T06:30:05.535671+00:00,0x0Fcc5BdCbe75446d347Ce743bEdA7A73a74015DA,83,88,0.7815,1.0,84.46,26311.7,c425a0708ad9b27d9139f6900218cc81bdf03c1ffd97178cf93a1e8525d9dfe0,377,
2025-12-13T06:30:05.870639+00:00,0x123a4499893270C74b01B0a52E8941B38CdC6B89,86,92,0.8835,1.0,121.88,0,c1fff2ac1bd7bb54e975b856a81314c869305ffe5c6d63b3ac230ce62df16628,378,
2025-12-13T06:30:06.182341+00:00,0x906424E3bc923585Ab8F5220A406Fb94F34b1616,89,91,0.8851,1.0,161.0,0,85edeecd00f6d2807e4008c452c94b1662236e9259becddb4c8fa4988e8dccf7,379,
2025-12-13T06:30:06.527521+00:00,0x32B6B9a0689AbA1839ffba7255490D1087FfFd27,88,96,0.9563,1.0,90.78,0,dbf86c0bbf5353c0175059f2ef2b55de94fa8a6e836284acd8c1047b7b68d5c2,380,
2025-12-13T06:30:06.865122+00:00,0x8A08D4c2c3e9EBA2649127E8c2169E98B133F016,96,96,0.9501,1.0,85.2,0,813adb022c2d0fd3ad686e70e8090e80c9d4e11e1b24fbe61648b8c1b9fc6bdf,381,
2025-12-13T06:30:07.200804+00:00,0xC0C408D998fD2E5A6b94d6cAdc4CB9A2085b622b,92,91,0.8936,1.0,185.6,0,c8ba2489e43295f307cfeeb1a18c2e956e708183ebda3b7cdcc6c4c3ce5f513f,382,
2025-12-13T06:30:07.571432+00:00,0xF067F6EC91da3C8eb4F717247116b74a179BBB24,94,84,0.7395,1.0,172.88,0,050dc5cd2b79f1186c7819250c2d935dc7c37c0b05d7bfbcb8a759e9b1d51d2d,383,
2025-12-13T06:30:07.928189+00:00,0x9af65fB23d7e85274791b224e32A2E21aDddd6e3,86,91,0.8341,1.0,40.32,0,09e89d965f318d5ef793caa3b08545032067e4d912fd31fbb6163a7d945df680,384,
2025-12-13T06:30:08.262823+00:00,0x54e7839dc818C465c1BFbde4346756DF408625Ef,93,88,0.7711,1.0,67.59,0,8a9c266cbe06df307b3825d6ba01860f2994089b113b4cc069f700d9e60319a9,385,
2025-12-13T06:30:08.628931+00:00,0x0e6F310F659C008d4b733E6C9Cb84717bdeb38f9,93,90,0.8002,1.0,23.58,0,e8350a8940ae5d4a76c6088237a8b49c3c894ac945b08dddb996382c6eff5248,386,
2025-12-13T06:30:19.484282+00:00,0x0Fcc5BdCbe75446d347Ce743bEdA7A73a74015DA,88,88,0.7815,1.0,84.46,26395.7,bb54500c1e07ce1d1aa596fd5a0bd472b7a65105c076047cfa58d1e18a675324,387,
2025-12-13T06:30:19.795909+00:00,0x123a4499893270C74b01B0a52E8941B38CdC6B89,92,92,0.8835,1.0,121.88,0,c3f0576100d67d1669c284c6174436b5b47569e46792932b67c809b4c335c3d5,388,
2025-12-13T06:30:20.113309+00:00,0x906424E3bc923585Ab8F5220A406Fb94F34b1616,91,91,0.8851,1.0,161.0,0,d28c9d069b2b03223df4e35620fc433e13a8995ecb1ab2a21b8606c30a298bdb,389,
2025-12-13T06:30:20.449418+00:00,0x32B6B9a0689AbA1839ffba7255490D1087FfFd27,96,96,0.9563,1.0,90.78,0,df99d6069116bd144329df3afad84cb5f1d66d812b193df606a8d179397f9e26,390,
2025-12-13T06:30:20.767321+00:00,0x8A08D4c2c3e9EBA2649127E8c2169E98B133F016,96,96,0.9501,1.0,85.2,0,dd01eba9f8c65c4c34339f3ed232aaca1a0e2ac2c488c0ffdcfc07b5ec22eb70,391,
2025-12-13T06:30:21.089428+00:00,0xC0C408D998fD2E5A6b94d6cAdc4CB9A2085b622b,91,91,0.8936,1.0,185.6,0,3713bdb8ca38adf68cdad3b464bbf1cb312c1559abd1c7d7b55fa9cf50c54cb8,392,
2025-12-13T06:30:21.416866+00:00,0xF067F6EC91da3C8eb4F717247116b74a179BBB24,84,84,0.7395,1.0,172.88,0,139d0bb3dd27d3bd754d861fc4a6b4ec59aeec47698bb7dd77180790e1d99f43,393,
2025-12-13T06:30:21.730015+00:00,0x9af65fB23d7e85274791b224e32A2E21aDddd6e3,91,91,0.8341,1.0,40.32,0,7fa6fe0caa2032de943478af8bfd4bffb1f11be6ba9e9c554c7a9cd0d0b60e86,394,
2025-12-13T06:30:22.100463+00:00,0x54e7839dc818C465c1BFbde4346756DF408625Ef,88,88,0.7711,1.0,67.59,0,6d89321a513cea4da1ad5e091ed2654bc693f065b3e100027ca38814fa010de2,395,
2025-12-13T06:30:22.445462+00:00,0x0e6F310F659C008d4b733E6C9Cb84717bdeb38f9,90,90,0.8002,1.0,23.58,0,207bea43de60cd369fbdff273b850f01036989b465f7d888ffd07a8f1d14c530,396,
2025-12-13T06:30:33.233674+00:00,0x0Fcc5BdCbe75446d347Ce743bEdA7A73a74015DA,88,87,0.7815,1.0,135.09,26824.81,6647261ceac5ed79512bc0901255eaa1614c457cd85777e65b51b6613a491365,397,
2025-12-13T06:30:33.595773+00:00,0x123a4499893270C74b01B0a52E8941B38CdC6B89,92,91,0.8835,1.0,195.67,0,e6c9da880309acd7b6e34310293a30283609575b36802c0f85206d9ad2ec02a1,398,
2025-12-13T06:30:33.906492+00:00,0x906424E3bc923585Ab8F5220A406Fb94F34b1616,91,92,0.8851,1.0,120.71,0,ac0a52a895c0bc0a93e8a4f25aae7d2d9a2ab26e137e53371d3dea3d19252920,399,
2025-12-13T06:30:34.230957+00:00,0x32B6B9a0689AbA1839ffba7255490D1087FfFd27,96,96,0.9563,1.0,133.06,0,1c984dd972323e67c7b92a9a88a304f0878eea5d19913c397b953232a413ed41,400,
2025-12-13T06:30:34.579553+00:00,0x8A08D4c2c3e9EBA2649127E8c2169E98B133F016,96,95,0.9501,1.0,148.21,0,6e537108bad2cfeedfdfa68522356e867a90ec3db806cefd925dd91f509f8c75,401,
2025-12-13T06:30:34.932995+00:00,0xC0C408D998fD2E5A6b94d6cAdc4CB9A2085b622b,91,94,0.8936,1.0,47.03,0,cfc2d4ba723fc6a7a8ab69971b0ed2abbd8953a3cd94f474ef2d76d39e4d3cca,402,
2025-12-13T06:30:35.266378+00:00,0xF067F6EC91da3C8eb4F717247116b74a179BBB24,84,86,0.7395,1.0,63.32,0,c1dd8e6b310dfd3bc21c3fedfeb036f4166ffd86046f390db968b4eef479fa89,403,
2025-12-13T06:30:35.604105+00:00,0x9af65fB23d7e85274791b224e32A2E21aDddd6e3,91,90,0.8341,1.0,113.27,0,ee92ff9223fa36f694ab2ffb163e0cd4f8c435bed406e5ae4b6d308f336c7ada,404,
2025-12-13T06:30:35.965454+00:00,0x54e7839dc818C465c1BFbde4346756DF408625Ef,88,87,0.7711,1.0,73.31,0,a656e5c0432ee0ed655ae20daae31fdb388a92e40baed0133be24e4cbedac030,405,
2025-12-13T06:30:36.320262+00:00,0x0e6F310F659C008d4b733E6C9Cb84717bdeb38f9,90,89,0.8002,1.0,54.02,0,95c30704f4cd40d5f7d54280c9a68b82c7e1e1983043f3831181178d16b1433a,406,
